Date,Close
2000-01-03,293.5
2000-01-04,304.05
2000-01-05,292.8
2000-01-06,296.45
2000-01-07,286.55
2000-01-10,287.2
2000-01-11,283.85
2000-01-12,285.6
2000-01-13,283.85
2000-01-14,286.55
2000-01-17,302.2
2000-01-18,305.75
2000-01-19,305.25
2000-01-20,291.35
2000-01-21,299.55
2000-01-24,293.05
2000-01-25,303.15
2000-01-27,316.6
2000-01-28,324.4
2000-01-31,333.5
2000-02-01,350.55
2000-02-02,351.4
2000-02-03,341.9
2000-02-04,357.2
2000-02-07,355.45
2000-02-08,350.5
2000-02-09,329.15
2000-02-10,320.35
2000-02-11,343.65
2000-02-14,359.15
2000-02-15,332.6
2000-02-16,341.6
2000-02-17,339.2
2000-02-18,327.9
2000-02-21,319.15
2000-02-22,305.95
2000-02-23,330.45
2000-02-24,351.7
2000-02-25,379.85
2000-02-28,409.7
2000-02-29,401.7
2000-03-01,433.85
2000-03-02,468.6
2000-03-03,473.05
2000-03-06,443.5
2000-03-07,412.2
2000-03-08,416.7
2000-03-09,399.6
2000-03-10,397.55
2000-03-13,381.6
2000-03-14,396.65
2000-03-15,400.5
2000-03-16,398.2
2000-03-21,406.35
2000-03-22,413.25
2000-03-23,409.85
2000-03-24,416.8
2000-03-27,417.4
2000-03-28,412.7
2000-03-29,380.3
2000-03-30,363.85
2000-03-31,393.0
2000-04-03,424.45
2000-04-04,458.45
2000-04-05,469.8
2000-04-06,459.25
2000-04-07,490.95
2000-04-10,477.7
2000-04-11,464.3
2000-04-12,453.25
2000-04-13,448.7
2000-04-17,433.1
2000-04-18,445.4
2000-04-19,459.35
2000-04-20,475.1
2000-04-24,448.05
2000-04-25,456.9
2000-04-26,460.65
2000-04-27,460.15
2000-04-28,472.35
2000-05-02,479.35
2000-05-03,460.85
2000-05-04,455.75
2000-05-05,449.0
2000-05-08,437.55
2000-05-09,424.95
2000-05-10,441.75
2000-05-11,448.65
2000-05-12,461.05
2000-05-15,460.4
2000-05-16,471.75
2000-05-17,461.35
2000-05-18,465.45
2000-05-19,477.65
2000-05-22,486.15
2000-05-23,501.9
2000-05-24,486.4
2000-05-25,473.0
2000-05-26,483.3
2000-05-29,541.3
2000-05-30,543.65
2000-05-31,478.45
2000-06-01,496.35
2000-06-02,525.35
2000-06-05,544.7
2000-06-06,530.7
2000-06-07,513.2
2000-06-08,515.25
2000-06-09,509.35
2000-06-12,503.6
2000-06-13,495.35
2000-06-14,488.2
2000-06-15,484.85
2000-06-16,499.85
2000-06-19,504.1
2000-06-20,509.2
2000-06-21,525.1
2000-06-22,525.35
2000-06-23,536.25
2000-06-26,541.15
2000-06-27,558.2
2000-06-28,551.55
2000-06-29,548.15
2000-06-30,551.65
2000-07-03,548.7
2000-07-04,480.0
2000-07-05,484.65
2000-07-06,511.25
2000-07-07,499.9
2000-07-10,489.85
2000-07-11,481.2
2000-07-12,490.55
2000-07-13,487.65
2000-07-14,478.55
2000-07-17,480.95
2000-07-18,475.55
2000-07-19,475.3
2000-07-20,511.65
2000-07-21,509.25
2000-07-24,501.0
2000-07-25,498.4
2000-07-26,499.75
2000-07-27,500.3
2000-07-28,500.05
2000-07-31,505.9
2000-08-01,499.3
2000-08-02,491.75
2000-08-03,489.15
2000-08-04,503.15
2000-08-07,502.75
2000-08-08,505.55
2000-08-09,493.55
2000-08-10,496.05
2000-08-11,504.95
2000-08-14,503.15
2000-08-16,522.8
2000-08-17,513.0
2000-08-18,501.1
2000-08-21,490.4
2000-08-22,482.9
2000-08-23,489.6
2000-08-24,495.35
2000-08-25,500.5
2000-08-28,500.7
2000-08-29,505.0
2000-08-30,520.15
2000-08-31,524.05
2000-09-04,528.25
2000-09-05,544.6
2000-09-06,539.95
2000-09-07,534.3
2000-09-08,532.2
2000-09-11,529.45
2000-09-12,520.65
2000-09-13,506.0
2000-09-14,513.55
2000-09-15,507.5
2000-09-18,499.55
2000-09-19,502.05
2000-09-20,500.0
2000-09-21,499.7
2000-09-22,481.0
2000-09-25,474.95
2000-09-26,445.15
2000-09-27,426.55
2000-09-28,441.05
2000-09-29,437.85
2000-10-03,433.9
2000-10-04,439.0
2000-10-05,439.0
2000-10-06,449.45
2000-10-09,449.25
2000-10-10,455.95
2000-10-11,448.6
2000-10-12,449.65
2000-10-13,450.0
2000-10-16,450.85
2000-10-17,458.8
2000-10-18,458.75
2000-10-19,477.4
2000-10-20,469.75
2000-10-23,464.65
2000-10-24,457.35
2000-10-25,462.2
2000-10-26,461.3
2000-10-27,464.1
2000-10-30,471.45
2000-10-31,470.25
2000-11-01,480.0
2000-11-02,489.85
2000-11-03,488.5
2000-11-06,482.9
2000-11-07,485.6
2000-11-08,489.0
2000-11-09,488.2
2000-11-10,496.85
2000-11-13,508.05
2000-11-14,496.8
2000-11-15,500.4
2000-11-16,494.65
2000-11-17,489.2
2000-11-20,477.35
2000-11-21,477.25
2000-11-22,474.15
2000-11-23,485.5
2000-11-24,509.4
2000-11-27,525.1
2000-11-28,528.0
2000-11-29,524.65
2000-11-30,529.2
2000-12-01,519.5
2000-12-04,523.4
2000-12-05,522.55
2000-12-06,530.75
2000-12-07,535.3
2000-12-08,546.7
2000-12-11,555.6
2000-12-12,561.55
2000-12-13,555.35
2000-12-14,553.3
2000-12-15,560.45
2000-12-18,555.3
2000-12-19,556.5
2000-12-20,554.75
2000-12-21,545.05
2000-12-22,549.3
2000-12-26,542.75
2000-12-27,536.6
2000-12-28,538.7
2000-12-29,541.8
2001-01-01,538.25
2001-01-02,542.15
2001-01-03,552.15
2001-01-04,550.6
2001-01-05,583.3
2001-01-08,589.35
2001-01-09,595.6
2001-01-10,572.45
2001-01-11,551.15
2001-01-12,547.85
2001-01-15,536.35
2001-01-16,529.35
2001-01-17,531.55
2001-01-18,529.9
2001-01-19,515.0
2001-01-22,505.5
2001-01-23,495.5
2001-01-24,513.85
2001-01-25,545.25
2001-01-29,582.2
2001-01-30,558.9
2001-01-31,554.85
2001-02-01,555.15
2001-02-02,573.85
2001-02-05,558.65
2001-02-06,554.55
2001-02-07,558.45
2001-02-08,573.25
2001-02-09,593.05
2001-02-12,578.75
2001-02-13,574.75
2001-02-14,571.1
2001-02-15,574.35
2001-02-16,567.4
2001-02-19,577.7
2001-02-20,568.6
2001-02-21,567.9
2001-02-22,562.8
2001-02-23,555.6
2001-02-26,569.7
2001-02-27,591.3
2001-02-28,593.5
2001-03-01,598.5
2001-03-02,556.1
2001-03-05,526.15
2001-03-07,544.05
2001-03-08,540.8
2001-03-09,540.35
2001-03-12,545.05
2001-03-13,546.0
2001-03-14,594.0
2001-03-15,572.7
2001-03-16,571.85
2001-03-19,569.45
2001-03-20,556.8
2001-03-21,568.8
2001-03-22,586.4
2001-03-23,586.2
2001-03-26,578.85
2001-03-27,586.7
2001-03-28,574.25
2001-03-29,567.2
2001-03-30,546.4
2001-04-02,568.4
2001-04-03,578.35
2001-04-04,560.45
2001-04-06,560.45
2001-04-09,552.6
2001-04-10,550.2
2001-04-11,551.35
2001-04-12,555.25
2001-04-16,585.0
2001-04-17,594.95
2001-04-18,576.95
2001-04-19,571.2
2001-04-20,569.55
2001-04-23,583.5
2001-04-24,589.4
2001-04-25,596.8
2001-04-26,587.2
2001-04-27,581.2
2001-04-30,574.0
2001-05-02,589.55
2001-05-03,592.95
2001-05-04,604.45
2001-05-07,611.75
2001-05-08,608.85
2001-05-09,591.05
2001-05-10,591.05
2001-05-11,588.85
2001-05-14,590.1
2001-05-15,594.55
2001-05-16,609.15
2001-05-17,671.45
2001-05-18,660.1
2001-05-21,651.25
2001-05-22,641.1
2001-05-23,649.95
2001-05-24,660.1
2001-05-25,660.15
2001-05-28,664.65
2001-05-29,674.0
2001-05-30,672.15
2001-05-31,663.1
2001-06-01,665.5
2001-06-04,666.35
2001-06-05,667.65
2001-06-06,652.1
2001-06-07,650.35
2001-06-08,662.05
2001-06-11,670.0
2001-06-12,668.25
2001-06-13,652.95
2001-06-14,649.45
2001-06-15,653.8
2001-06-18,657.85
2001-06-19,669.2
2001-06-20,674.4
2001-06-21,666.05
2001-06-22,666.15
2001-06-25,674.8
2001-06-26,695.3
2001-06-27,688.9
2001-06-28,676.95
2001-06-29,690.3
2001-07-02,662.35
2001-07-03,663.6
2001-07-04,669.8
2001-07-05,664.9
2001-07-06,660.0
2001-07-09,652.85
2001-07-10,650.55
2001-07-11,660.15
2001-07-12,651.15
2001-07-13,664.1
2001-07-16,660.85
2001-07-17,659.9
2001-07-18,659.85
2001-07-19,654.5
2001-07-20,633.7
2001-07-23,629.55
2001-07-24,633.25
2001-07-25,640.4
2001-07-26,651.05
2001-07-27,657.45
2001-07-30,653.7
2001-07-31,670.0
2001-08-01,680.75
2001-08-02,673.4
2001-08-03,670.3
2001-08-06,669.85
2001-08-07,662.1
2001-08-08,665.0
2001-08-09,667.1
2001-08-10,678.1
2001-08-13,664.05
2001-08-14,662.9
2001-08-16,662.85
2001-08-17,680.9
2001-08-20,689.0
2001-08-21,702.5
2001-08-23,710.45
2001-08-24,702.25
2001-08-27,677.7
2001-08-28,675.9
2001-08-29,680.1
2001-08-30,697.1
2001-08-31,704.85
2001-09-03,691.8
2001-09-04,689.9
2001-09-05,697.3
2001-09-06,706.85
2001-09-07,710.5
2001-09-10,720.35
2001-09-11,709.35
2001-09-12,668.35
2001-09-13,678.7
2001-09-14,620.75
2001-09-17,620.3
2001-09-18,627.35
2001-09-19,666.6
2001-09-20,645.65
2001-09-21,644.2
2001-09-24,617.9
2001-09-25,674.55
2001-09-26,629.95
2001-09-27,629.95
2001-09-28,623.45
2001-10-01,653.75
2001-10-03,649.25
2001-10-04,699.3
2001-10-05,673.0
2001-10-08,670.15
2001-10-09,681.85
2001-10-10,650.45
2001-10-11,669.25
2001-10-12,657.7
2001-10-15,652.65
2001-10-16,664.55
2001-10-17,663.7
2001-10-18,650.35
2001-10-19,640.65
2001-10-22,645.55
2001-10-23,654.45
2001-10-24,678.55
2001-10-25,677.95
2001-10-29,678.2
2001-10-30,694.4
2001-10-31,698.15
2001-11-01,700.35
2001-11-02,704.2
2001-11-05,700.1
2001-11-06,699.45
2001-11-07,705.65
2001-11-08,700.3
2001-11-09,688.45
2001-11-12,689.95
2001-11-13,684.25
2001-11-14,686.65
2001-11-15,690.05
2001-11-19,689.1
2001-11-20,679.4
2001-11-21,706.4
2001-11-22,700.25
2001-11-23,702.25
2001-11-26,702.6
2001-11-27,700.15
2001-11-28,699.85
2001-11-29,688.85
2001-12-03,692.4
2001-12-04,687.1
2001-12-05,685.4
2001-12-06,694.85
2001-12-07,695.3
2001-12-10,685.75
2001-12-11,686.9
2001-12-12,689.9
2001-12-13,685.0
2001-12-14,689.5
2001-12-18,688.0
2001-12-19,679.95
2001-12-20,679.05
2001-12-21,668.25
2001-12-24,672.45
2001-12-26,668.55
2001-12-27,669.35
2001-12-28,668.65
2001-12-31,666.1
2002-01-01,659.45
2002-01-02,648.8
2002-01-03,646.6
2002-01-04,643.0
2002-01-07,624.95
2002-01-08,620.55
2002-01-09,644.55
2002-01-10,647.05
2002-01-11,643.55
2002-01-14,647.4
2002-01-15,640.6
2002-01-16,635.85
2002-01-17,629.85
2002-01-18,624.65
2002-01-21,627.7
2002-01-22,625.8
2002-01-23,625.05
2002-01-24,630.2
2002-01-25,640.15
2002-01-28,635.8
2002-01-29,634.85
2002-01-30,633.3
2002-01-31,632.15
2002-02-01,649.7
2002-02-04,636.8
2002-02-05,631.05
2002-02-06,636.9
2002-02-07,635.45
2002-02-08,631.65
2002-02-11,635.95
2002-02-12,643.5
2002-02-13,650.95
2002-02-14,690.3
2002-02-15,668.4
2002-02-18,677.3
2002-02-19,673.25
2002-02-20,669.75
2002-02-21,660.7
2002-02-22,670.05
2002-02-25,671.3
2002-02-26,680.55
2002-02-27,672.4
2002-02-28,680.65
2002-03-01,672.25
2002-03-04,686.8
2002-03-05,670.4
2002-03-06,675.95
2002-03-07,671.15
2002-03-08,673.9
2002-03-11,667.1
2002-03-12,665.55
2002-03-13,668.2
2002-03-14,668.7
2002-03-15,670.0
2002-03-18,665.8
2002-03-19,669.65
2002-03-20,683.8
2002-03-21,674.5
2002-03-22,665.25
2002-03-26,665.35
2002-03-27,661.3
2002-03-28,684.45
2002-04-01,665.3
2002-04-02,664.35
2002-04-03,665.1
2002-04-04,660.2
2002-04-05,660.0
2002-04-08,660.15
2002-04-09,659.9
2002-04-10,647.85
2002-04-11,650.75
2002-04-12,657.25
2002-04-15,659.3
2002-04-16,659.95
2002-04-17,655.35
2002-04-18,649.7
2002-04-19,634.6
2002-04-22,609.75
2002-04-23,610.85
2002-04-24,620.55
2002-04-25,626.2
2002-04-26,639.4
2002-04-29,644.2
2002-04-30,654.0
2002-05-02,653.1
2002-05-03,645.3
2002-05-06,653.9
2002-05-07,644.3
2002-05-08,648.65
2002-05-09,641.1
2002-05-10,639.1
2002-05-13,640.45
2002-05-14,649.75
2002-05-15,648.5
2002-05-16,624.15
2002-05-17,630.0
2002-05-20,629.7
2002-05-21,620.7
2002-05-22,619.25
2002-05-23,610.45
2002-05-24,610.6
2002-05-27,607.55
2002-05-28,599.65
2002-05-29,594.9
2002-05-30,594.8
2002-05-31,600.3
2002-06-03,603.35
2002-06-04,591.1
2002-06-05,607.85
2002-06-06,623.35
2002-06-07,629.25
2002-06-10,622.65
2002-06-11,639.75
2002-06-12,640.85
2002-06-13,639.9
2002-06-14,658.95
2002-06-17,649.05
2002-06-18,650.0
2002-06-19,624.8
2002-06-20,628.4
2002-06-21,610.0
2002-06-24,629.25
2002-06-25,626.75
2002-06-26,636.75
2002-06-27,644.4
2002-06-28,653.9
2002-07-01,639.95
2002-07-02,640.1
2002-07-03,617.05
2002-07-04,626.6
2002-07-05,644.65
2002-07-08,644.3
2002-07-09,627.95
2002-07-10,624.45
2002-07-11,621.05
2002-07-12,619.4
2002-07-15,617.8
2002-07-16,625.1
2002-07-17,613.75
2002-07-18,615.25
2002-07-19,619.85
2002-07-22,615.15
2002-07-23,611.45
2002-07-24,607.45
2002-07-25,616.55
2002-07-26,601.5
2002-07-29,610.6
2002-07-30,615.85
2002-07-31,632.3
2002-08-01,640.4
2002-08-02,629.85
2002-08-05,617.3
2002-08-06,618.2
2002-08-07,618.2
2002-08-08,613.8
2002-08-09,630.35
2002-08-12,625.5
2002-08-13,618.95
2002-08-14,610.2
2002-08-16,616.55
2002-08-19,613.35
2002-08-20,604.15
2002-08-21,600.0
2002-08-22,596.9
2002-08-23,587.85
2002-08-26,563.05
2002-08-27,570.55
2002-08-28,574.95
2002-08-29,574.75
2002-08-30,582.8
2002-09-02,596.05
2002-09-03,596.65
2002-09-04,595.45
2002-09-05,577.8
2002-09-06,588.7
2002-09-09,593.75
2002-09-11,584.85
2002-09-12,578.75
2002-09-13,585.45
2002-09-16,594.65
2002-09-17,593.5
2002-09-18,594.8
2002-09-19,593.8
2002-09-20,594.3
2002-09-23,590.1
2002-09-24,593.65
2002-09-25,588.65
2002-09-26,593.55
2002-09-27,599.8
2002-09-30,598.9
2002-10-01,605.6
2002-10-03,599.5
2002-10-04,609.75
2002-10-07,611.65
2002-10-08,610.05
2002-10-09,612.45
2002-10-10,608.4
2002-10-11,614.35
2002-10-14,617.2
2002-10-16,630.3
2002-10-17,619.2
2002-10-18,617.65
2002-10-21,617.25
2002-10-22,634.1
2002-10-23,638.8
2002-10-24,631.2
2002-10-25,634.1
2002-10-28,630.95
2002-10-29,629.2
2002-10-30,629.45
2002-10-31,627.55
2002-11-01,627.55
2002-11-04,631.0
2002-11-05,634.4
2002-11-07,634.2
2002-11-08,631.55
2002-11-11,638.25
2002-11-12,642.2
2002-11-13,644.65
2002-11-14,650.8
2002-11-15,661.05
2002-11-18,659.2
2002-11-20,668.85
2002-11-21,689.85
2002-11-22,682.65
2002-11-25,677.9
2002-11-26,689.3
2002-11-27,681.2
2002-11-28,688.55
2002-11-29,684.3
2002-12-02,676.75
2002-12-03,664.9
2002-12-04,661.35
2002-12-05,681.1
2002-12-06,687.25
2002-12-09,681.5
2002-12-10,680.8
2002-12-11,690.35
2002-12-12,343.6
2002-12-13,364.65
2002-12-16,376.95
2002-12-17,360.4
2002-12-18,361.25
2002-12-19,357.55
2002-12-20,360.2
2002-12-23,357.2
2002-12-24,353.4
2002-12-26,351.25
2002-12-27,360.1
2002-12-30,360.5
2002-12-31,358.35
2003-01-01,356.2
2003-01-02,360.05
2003-01-03,353.6
2003-01-06,360.25
2003-01-07,365.55
2003-01-08,365.25
2003-01-09,367.8
2003-01-10,363.8
2003-01-13,367.65
2003-01-14,370.55
2003-01-15,374.45
2003-01-16,372.25
2003-01-17,370.6
2003-01-20,372.45
2003-01-21,371.7
2003-01-22,375.25
2003-01-23,377.5
2003-01-24,373.1
2003-01-27,375.55
2003-01-28,375.45
2003-01-29,375.2
2003-01-30,375.25
2003-01-31,375.1
2003-02-03,374.1
2003-02-04,369.6
2003-02-05,374.75
2003-02-06,374.45
2003-02-07,376.15
2003-02-10,390.2
2003-02-11,387.5
2003-02-12,379.0
2003-02-14,375.05
2003-02-17,376.8
2003-02-18,375.1
2003-02-19,374.8
2003-02-20,375.55
2003-02-21,375.95
2003-02-24,375.55
2003-02-25,375.05
2003-02-26,375.1
2003-02-27,374.7
2003-02-28,374.8
2003-03-03,374.8
2003-03-04,373.05
2003-03-05,370.15
2003-03-06,368.15
2003-03-07,368.0
2003-03-10,368.35
2003-03-11,365.15
2003-03-12,357.5
2003-03-13,354.05
2003-03-17,339.5
2003-03-19,351.85
2003-03-20,351.15
2003-03-21,352.55
2003-03-22,349.65
2003-03-24,352.65
2003-03-25,348.15
2003-03-26,341.35
2003-03-27,340.0
2003-03-28,333.4
2003-03-31,331.35
2003-04-01,338.8
2003-04-02,341.8
2003-04-03,344.15
2003-04-04,340.35
2003-04-07,338.85
2003-04-08,340.4
2003-04-09,341.25
2003-04-10,340.2
2003-04-11,342.45
2003-04-15,340.1
2003-04-16,334.7
2003-04-17,328.9
2003-04-21,326.75
2003-04-22,329.05
2003-04-23,325.75
2003-04-24,313.85
2003-04-25,299.2
2003-04-28,314.5
2003-04-29,328.7
2003-04-30,340.3
2003-05-02,357.05
2003-05-05,349.7
2003-05-06,345.2
2003-05-07,326.4
2003-05-08,330.95
2003-05-09,331.3
2003-05-12,333.0
2003-05-13,332.95
2003-05-14,331.65
2003-05-15,338.25
2003-05-16,338.2
2003-05-19,341.4
2003-05-20,342.25
2003-05-21,343.55
2003-05-22,346.35
2003-05-23,354.65
2003-05-26,365.25
2003-05-27,364.55
2003-05-28,364.85
2003-05-29,373.75
2003-05-30,371.2
2003-06-02,375.0
2003-06-03,380.7
2003-06-04,367.8
2003-06-05,365.75
2003-06-06,367.35
2003-06-09,381.5
2003-06-10,374.95
2003-06-11,372.3
2003-06-12,367.65
2003-06-13,387.1
2003-06-16,394.55
2003-06-17,402.55
2003-06-18,405.4
2003-06-19,409.8
2003-06-20,408.8
2003-06-23,406.25
2003-06-24,405.55
2003-06-25,406.7
2003-06-26,413.75
2003-06-27,407.45
2003-06-30,408.65
2003-07-01,395.95
2003-07-02,385.1
2003-07-03,418.1
2003-07-04,402.65
2003-07-07,415.25
2003-07-08,409.35
2003-07-09,408.05
2003-07-10,410.45
2003-07-11,416.15
2003-07-14,411.2
2003-07-15,409.05
2003-07-16,406.95
2003-07-17,400.25
2003-07-18,407.95
2003-07-21,420.95
2003-07-22,408.05
2003-07-23,400.4
2003-07-24,408.35
2003-07-25,419.9
2003-07-28,406.8
2003-07-29,404.3
2003-07-30,409.6
2003-07-31,413.05
2003-08-01,422.15
2003-08-04,438.95
2003-08-05,432.9
2003-08-06,431.35
2003-08-07,434.55
2003-08-08,443.55
2003-08-11,452.75
2003-08-12,478.75
2003-08-13,469.35
2003-08-14,459.8
2003-08-18,479.8
2003-08-19,510.55
2003-08-20,510.9
2003-08-21,481.4
2003-08-22,468.3
2003-08-25,472.9
2003-08-26,465.45
2003-08-27,479.45
2003-08-28,483.9
2003-08-29,482.6
2003-09-01,503.25
2003-09-02,479.95
2003-09-03,485.25
2003-09-04,496.5
2003-09-05,499.65
2003-09-08,501.75
2003-09-09,499.25
2003-09-10,507.85
2003-09-11,492.75
2003-09-12,480.8
2003-09-15,483.8
2003-09-16,493.15
2003-09-17,477.8
2003-09-18,473.95
2003-09-19,481.25
2003-09-22,479.25
2003-09-23,480.75
2003-09-24,505.5
2003-09-25,493.2
2003-09-26,500.4
2003-09-29,493.7
2003-09-30,498.7
2003-10-01,510.0
2003-10-03,522.0
2003-10-06,550.9
2003-10-07,549.8
2003-10-08,528.85
2003-10-09,535.65
2003-10-10,540.0
2003-10-13,530.9
2003-10-14,529.15
2003-10-15,531.9
2003-10-16,553.25
2003-10-17,550.7
2003-10-20,534.9
2003-10-21,528.0
2003-10-22,511.0
2003-10-23,517.85
2003-10-24,527.95
2003-10-25,521.9
2003-10-27,536.1
2003-10-28,543.5
2003-10-29,538.2
2003-10-30,527.6
2003-10-31,520.0
2003-11-03,525.5
2003-11-04,525.5
2003-11-05,531.8
2003-11-06,519.95
2003-11-07,520.3
2003-11-10,522.35
2003-11-11,512.7
2003-11-12,534.2
2003-11-13,526.85
2003-11-14,522.85
2003-11-15,523.55
2003-11-17,528.95
2003-11-18,530.9
2003-11-19,513.55
2003-11-20,526.2
2003-11-21,521.95
2003-11-24,519.25
2003-11-25,519.85
2003-11-27,542.6
2003-11-28,554.15
2003-12-01,573.9
2003-12-02,557.1
2003-12-03,561.6
2003-12-04,577.3
2003-12-05,577.45
2003-12-08,579.45
2003-12-09,581.95
2003-12-10,583.95
2003-12-11,610.15
2003-12-12,631.95
2003-12-15,630.15
2003-12-16,620.75
2003-12-17,623.6
2003-12-18,614.4
2003-12-19,616.45
2003-12-22,613.2
2003-12-23,621.3
2003-12-24,665.35
2003-12-26,657.05
2003-12-29,664.45
2003-12-30,659.35
2003-12-31,645.55
2004-01-01,647.9
2004-01-02,652.1
2004-01-05,660.4
2004-01-06,654.3
2004-01-07,636.95
2004-01-08,641.2
2004-01-09,644.9
2004-01-12,630.75
2004-01-13,645.15
2004-01-14,646.45
2004-01-15,644.6
2004-01-16,644.25
2004-01-19,670.15
2004-01-20,656.45
2004-01-21,626.25
2004-01-22,622.65
2004-01-23,629.65
2004-01-27,619.65
2004-01-28,655.35
2004-01-29,649.45
2004-01-30,649.3
2004-02-03,648.95
2004-02-04,649.8
2004-02-05,646.9
2004-02-06,647.9
2004-02-09,659.85
2004-02-10,669.85
2004-02-11,677.6
2004-02-12,670.45
2004-02-13,674.0
2004-02-16,660.9
2004-02-17,662.4
2004-02-18,671.4
2004-02-19,676.5
2004-02-20,647.7
2004-02-23,640.3
2004-02-24,618.9
2004-02-25,619.45
2004-02-26,624.15
2004-02-27,609.7
2004-03-01,641.75
2004-03-03,639.5
2004-03-04,639.7
2004-03-05,639.4
2004-03-08,636.55
2004-03-09,627.45
2004-03-10,628.05
2004-03-11,614.8
2004-03-12,615.45
2004-03-15,613.8
2004-03-16,608.3
2004-03-17,586.2
2004-03-18,601.4
2004-03-19,601.05
2004-03-22,603.45
2004-03-23,613.75
2004-03-24,608.75
2004-03-25,600.9
2004-03-26,612.75
2004-03-29,619.25
2004-03-30,621.35
2004-03-31,643.25
2004-04-01,662.6
2004-04-02,677.7
2004-04-05,675.05
2004-04-06,676.2
2004-04-07,686.65
2004-04-08,660.7
2004-04-12,656.6
2004-04-13,655.3
2004-04-15,655.5
2004-04-16,638.15
2004-04-17,636.65
2004-04-19,621.5
2004-04-20,619.95
2004-04-21,625.2
2004-04-22,625.7
2004-04-23,620.2
2004-04-27,617.8
2004-04-28,611.45
2004-04-29,600.2
2004-04-30,594.7
2004-05-03,604.25
2004-05-04,619.75
2004-05-05,646.75
2004-05-06,642.6
2004-05-07,644.45
2004-05-10,648.3
2004-05-11,607.85
2004-05-12,582.2
2004-05-13,591.95
2004-05-14,544.95
2004-05-17,505.65
2004-05-18,590.45
2004-05-19,589.8
2004-05-20,558.6
2004-05-21,579.9
2004-05-24,583.05
2004-05-25,566.65
2004-05-26,573.8
2004-05-27,576.05
2004-05-28,568.5
2004-05-31,577.6
2004-06-01,558.8
2004-06-02,562.7
2004-06-03,566.4
2004-06-04,583.4
2004-06-07,611.9
2004-06-08,615.55
2004-06-09,616.15
2004-06-10,617.4
2004-06-11,606.5
2004-06-14,589.5
2004-06-15,588.75
2004-06-16,565.45
2004-06-17,561.3
2004-06-18,564.4
2004-06-21,570.65
2004-06-22,579.3
2004-06-23,567.95
2004-06-24,540.6
2004-06-25,552.4
2004-06-28,543.5
2004-06-29,532.45
2004-06-30,517.1
2004-07-01,528.8
2004-07-02,532.2
2004-07-05,532.85
2004-07-06,539.8
2004-07-07,550.85
2004-07-08,551.9
2004-07-09,559.05
2004-07-12,550.0
2004-07-13,559.85
2004-07-14,549.3
2004-07-15,550.1
2004-07-16,550.8
2004-07-19,549.85
2004-07-20,548.3
2004-07-21,568.05
2004-07-22,599.5
2004-07-23,597.9
2004-07-26,590.85
2004-07-27,581.4
2004-07-28,575.45
2004-07-29,576.25
2004-07-30,575.95
2004-08-02,575.5
2004-08-03,572.45
2004-08-04,571.1
2004-08-05,574.4
2004-08-06,570.65
2004-08-09,568.65
2004-08-10,569.95
2004-08-11,564.55
2004-08-12,570.65
2004-08-13,562.35
2004-08-16,554.25
2004-08-17,542.2
2004-08-18,542.75
2004-08-19,545.45
2004-08-20,538.5
2004-08-23,542.25
2004-08-24,547.55
2004-08-25,551.05
2004-08-26,557.3
2004-08-27,558.7
2004-08-30,555.6
2004-08-31,555.85
2004-09-01,560.9
2004-09-02,558.35
2004-09-03,560.1
2004-09-06,568.6
2004-09-07,569.15
2004-09-08,590.15
2004-09-09,589.8
2004-09-10,611.2
2004-09-13,623.85
2004-09-14,636.8
2004-09-15,616.85
2004-09-16,606.45
2004-09-17,618.4
2004-09-20,614.6
2004-09-21,627.8
2004-09-22,629.25
2004-09-23,624.55
2004-09-24,614.2
2004-09-27,607.5
2004-09-28,609.5
2004-09-29,609.6
2004-09-30,611.9
2004-10-01,628.8
2004-10-04,649.85
2004-10-05,648.85
2004-10-06,668.1
2004-10-07,672.25
2004-10-08,682.15
2004-10-09,672.05
2004-10-11,681.0
2004-10-12,690.15
2004-10-14,654.55
2004-10-15,629.7
2004-10-18,648.4
2004-10-19,658.7
2004-10-20,653.85
2004-10-21,661.85
2004-10-25,655.4
2004-10-26,641.35
2004-10-27,659.85
2004-10-28,639.75
2004-10-29,640.4
2004-11-01,629.85
2004-11-02,649.65
2004-11-03,668.95
2004-11-04,670.25
2004-11-05,667.7
2004-11-08,679.7
2004-11-09,704.9
2004-11-10,695.65
2004-11-11,690.0
2004-11-12,693.55
2004-11-16,689.9
2004-11-17,687.1
2004-11-18,707.5
2004-11-19,715.6
2004-11-22,726.45
2004-11-23,730.8
2004-11-24,751.15
2004-11-25,767.75
2004-11-29,769.6
2004-11-30,800.75
2004-12-01,769.3
2004-12-02,803.7
2004-12-03,769.25
2004-12-06,776.25
2004-12-07,769.85
2004-12-08,754.75
2004-12-09,777.15
2004-12-10,764.1
2004-12-13,779.75
2004-12-14,787.25
2004-12-15,795.25
2004-12-16,794.8
2004-12-17,777.2
2004-12-20,782.65
2004-12-21,779.65
2004-12-22,769.15
2004-12-23,758.05
2004-12-24,761.0
2004-12-27,761.2
2004-12-28,758.05
2004-12-29,761.2
2004-12-30,756.55
2004-12-31,769.05
2005-01-03,766.6
2005-01-04,764.85
2005-01-05,747.0
2005-01-06,737.35
2005-01-07,726.35
2005-01-10,730.45
2005-01-11,721.5
2005-01-12,722.1
2005-01-13,719.7
2005-01-14,733.55
2005-01-17,751.65
2005-01-18,778.65
2005-01-19,776.55
2005-01-20,762.9
2005-01-24,745.25
2005-01-25,749.55
2005-01-27,754.7
2005-01-28,754.05
2005-01-31,778.1
2005-02-01,775.5
2005-02-02,773.35
2005-02-03,787.15
2005-02-04,817.0
2005-02-07,794.95
2005-02-08,816.35
2005-02-09,813.3
2005-02-10,791.2
2005-02-11,784.8
2005-02-14,782.7
2005-02-15,779.7
2005-02-16,772.45
2005-02-17,775.8
2005-02-18,781.7
2005-02-21,776.2
2005-02-22,778.5
2005-02-23,776.65
2005-02-24,770.85
2005-02-25,757.55
2005-02-28,778.75
2005-03-01,782.15
2005-03-02,770.25
2005-03-03,773.55
2005-03-04,786.9
2005-03-07,802.45
2005-03-08,794.45
2005-03-09,801.25
2005-03-10,820.05
2005-03-11,802.0
2005-03-14,800.8
2005-03-15,788.25
2005-03-16,783.2
2005-03-17,780.15
2005-03-18,761.1
2005-03-21,752.6
2005-03-22,738.65
2005-03-23,708.1
2005-03-24,691.05
2005-03-28,708.85
2005-03-29,689.4
2005-03-30,734.8
2005-03-31,729.0
2005-04-01,716.65
2005-04-04,725.4
2005-04-05,725.65
2005-04-06,714.95
2005-04-07,717.6
2005-04-08,712.5
2005-04-11,701.3
2005-04-12,708.4
2005-04-13,722.8
2005-04-15,702.65
2005-04-18,691.5
2005-04-19,705.35
2005-04-20,717.85
2005-04-21,726.5
2005-04-22,726.7
2005-04-25,730.35
2005-04-26,720.25
2005-04-27,726.1
2005-04-28,752.45
2005-04-29,731.2
2005-05-02,736.55
2005-05-03,747.8
2005-05-04,753.75
2005-05-05,743.85
2005-05-06,743.0
2005-05-09,742.1
2005-05-10,735.9
2005-05-11,735.1
2005-05-12,753.3
2005-05-13,766.5
2005-05-16,764.8
2005-05-17,766.35
2005-05-18,761.85
2005-05-19,762.15
2005-05-20,761.45
2005-05-23,757.55
2005-05-24,754.8
2005-05-25,757.15
2005-05-26,771.05
2005-05-27,765.0
2005-05-30,760.0
2005-05-31,763.6
2005-06-01,769.1
2005-06-02,764.7
2005-06-03,763.9
2005-06-04,769.7
2005-06-06,781.7
2005-06-07,807.45
2005-06-08,826.6
2005-06-09,838.9
2005-06-10,842.25
2005-06-13,831.5
2005-06-14,822.0
2005-06-15,817.7
2005-06-16,844.2
2005-06-17,859.85
2005-06-20,850.1
2005-06-21,845.6
2005-06-22,872.6
2005-06-23,860.1
2005-06-24,849.85
2005-06-27,852.0
2005-06-28,864.4
2005-06-29,851.9
2005-06-30,890.85
2005-07-01,870.25
2005-07-04,880.6
2005-07-05,901.8
2005-07-06,930.65
2005-07-07,901.8
2005-07-08,910.35
2005-07-11,927.3
2005-07-12,899.4
2005-07-13,887.9
2005-07-14,878.2
2005-07-15,890.9
2005-07-18,891.0
2005-07-19,900.45
2005-07-20,880.05
2005-07-21,892.6
2005-07-22,894.85
2005-07-25,905.05
2005-07-26,907.4
2005-07-27,907.6
2005-07-29,925.8
2005-08-01,925.25
2005-08-02,929.75
2005-08-03,927.45
2005-08-04,918.2
2005-08-05,906.0
2005-08-08,893.35
2005-08-09,897.9
2005-08-10,909.15
2005-08-11,950.95
2005-08-12,937.45
2005-08-16,939.3
2005-08-17,939.75
2005-08-18,927.6
2005-08-19,927.6
2005-08-22,913.5
2005-08-23,909.25
2005-08-24,899.75
2005-08-25,885.4
2005-08-26,893.05
2005-08-29,871.7
2005-08-30,898.25
2005-08-31,903.8
2005-09-01,918.5
2005-09-02,903.5
2005-09-05,903.65
2005-09-06,901.8
2005-09-08,937.3
2005-09-09,917.7
2005-09-12,932.6
2005-09-13,961.45
2005-09-14,987.15
2005-09-15,1001.1
2005-09-16,1064.8
2005-09-19,1052.3
2005-09-20,1029.85
2005-09-21,990.35
2005-09-22,966.75
2005-09-23,955.85
2005-09-26,988.95
2005-09-27,1001.75
2005-09-28,1037.85
2005-09-29,1019.75
2005-09-30,1039.4
2005-10-03,1018.45
2005-10-04,1023.55
2005-10-05,1030.4
2005-10-06,1000.9
2005-10-07,994.55
2005-10-10,983.8
2005-10-11,991.9
2005-10-13,981.6
2005-10-14,985.85
2005-10-17,979.4
2005-10-18,983.25
2005-10-19,973.9
2005-10-20,950.85
2005-10-21,923.7
2005-10-24,912.9
2005-10-25,910.6
2005-10-26,926.8
2005-10-27,944.35
2005-10-28,938.95
2005-10-31,967.9
2005-11-01,969.65
2005-11-02,1000.3
2005-11-07,1004.45
2005-11-08,1040.75
2005-11-09,1048.9
2005-11-10,1027.05
2005-11-11,1049.85
2005-11-14,1077.5
2005-11-16,1067.9
2005-11-17,1046.1
2005-11-18,1042.95
2005-11-21,1069.85
2005-11-22,1048.15
2005-11-23,1052.9
2005-11-24,1085.85
2005-11-25,1116.25
2005-11-26,1118.6
2005-11-28,1138.9
2005-11-29,1138.1
2005-11-30,1127.95
2005-12-01,1143.65
2005-12-02,1145.2
2005-12-05,1112.85
2005-12-06,1126.15
2005-12-07,1120.8
2005-12-08,1102.8
2005-12-09,1111.0
2005-12-12,1127.9
2005-12-13,1171.35
2005-12-14,1191.6
2005-12-15,1195.4
2005-12-16,1232.15
2005-12-19,1241.3
2005-12-20,1241.5
2005-12-21,1268.5
2005-12-22,1290.35
2005-12-23,1203.3
2005-12-26,1174.5
2005-12-27,1169.05
2005-12-28,1188.9
2005-12-29,1218.5
2005-12-30,1207.0
2006-01-02,1191.3
2006-01-03,1230.0
2006-01-04,1241.3
2006-01-05,1240.75
2006-01-06,1267.5
2006-01-09,1274.55
2006-01-10,1224.95
2006-01-12,1199.95
2006-01-13,1180.75
2006-01-16,1171.85
2006-01-17,1157.8
2006-01-18,1148.05
2006-01-19,1181.55
2006-01-20,1250.5
2006-01-23,1211.5
2006-01-24,1237.4
2006-01-25,1280.75
2006-01-27,1302.45
2006-01-30,1318.15
2006-01-31,1339.7
2006-02-01,1387.8
2006-02-02,1358.7
2006-02-03,1303.9
2006-02-06,1337.6
2006-02-07,1343.75
2006-02-08,1341.55
2006-02-10,1363.55
2006-02-13,1363.0
2006-02-14,1370.6
2006-02-15,1338.0
2006-02-16,1340.35
2006-02-17,1300.15
2006-02-20,1318.25
2006-02-21,1332.15
2006-02-22,1377.1
2006-02-23,1377.9
2006-02-24,1364.9
2006-02-27,1384.95
2006-02-28,1365.65
2006-03-01,1354.8
2006-03-02,1355.25
2006-03-03,1316.95
2006-03-06,1335.5
2006-03-07,1342.1
2006-03-08,1296.5
2006-03-09,1278.8
2006-03-10,1326.95
2006-03-13,1305.1
2006-03-14,1320.65
2006-03-16,1349.45
2006-03-17,1338.05
2006-03-20,1338.7
2006-03-21,1310.15
2006-03-22,1318.65
2006-03-23,1318.85
2006-03-24,1314.25
2006-03-27,1315.35
2006-03-28,1339.0
2006-03-29,1337.45
2006-03-30,1358.4
2006-03-31,1336.8
2006-04-03,1340.0
2006-04-04,1348.1
2006-04-05,1351.7
2006-04-07,1335.8
2006-04-10,1329.55
2006-04-12,1286.35
2006-04-13,1258.0
2006-04-17,1273.6
2006-04-18,1282.15
2006-04-19,1299.05
2006-04-20,1275.45
2006-04-21,1272.65
2006-04-24,1261.55
2006-04-25,1254.55
2006-04-26,1296.45
2006-04-27,1296.45
2006-04-28,1299.65
2006-04-29,1311.75
2006-05-02,1308.0
2006-05-03,1298.25
2006-05-04,1293.3
2006-05-05,1287.15
2006-05-08,1340.95
2006-05-09,1355.0
2006-05-10,1362.8
2006-05-11,1390.7
2006-05-12,1380.75
2006-05-15,1353.55
2006-05-16,1343.35
2006-05-17,1354.35
2006-05-18,1292.3
2006-05-19,1255.3
2006-05-22,1210.35
2006-05-23,1246.55
2006-05-24,1174.65
2006-05-25,1153.3
2006-05-26,1176.0
2006-05-29,1203.4
2006-05-30,1179.1
2006-05-31,1123.55
2006-06-01,1105.15
2006-06-02,1178.5
2006-06-05,1199.0
2006-06-06,1163.45
2006-06-07,1160.85
2006-06-08,1109.65
2006-06-09,1207.75
2006-06-12,1117.3
2006-06-13,1016.7
2006-06-14,998.05
2006-06-15,1059.75
2006-06-16,1044.45
2006-06-19,1053.15
2006-06-20,1013.95
2006-06-21,1020.3
2006-06-22,1123.7
2006-06-23,1105.45
2006-06-25,1103.0
2006-06-26,1043.2
2006-06-27,1089.05
2006-06-28,1051.85
2006-06-29,1087.45
2006-06-30,1139.8
2006-07-03,1131.55
2006-07-04,1160.55
2006-07-05,1214.95
2006-07-06,1221.1
2006-07-07,1166.5
2006-07-10,1198.85
2006-07-11,1199.6
2006-07-12,1204.15
2006-07-13,1164.85
2006-07-14,1143.2
2006-07-17,1081.3
2006-07-18,1064.15
2006-07-19,1063.25
2006-07-20,1080.25
2006-07-21,1071.35
2006-07-24,1077.4
2006-07-25,1097.15
2006-07-26,1135.15
2006-07-27,1191.3
2006-07-28,1185.25
2006-07-31,1177.4
2006-08-01,1194.15
2006-08-02,1191.6
2006-08-03,1225.35
2006-08-04,1242.1
2006-08-07,1235.3
2006-08-08,1246.05
2006-08-09,1240.15
2006-08-10,1274.05
2006-08-11,1267.45
2006-08-14,1301.65
2006-08-16,1285.7
2006-08-17,1294.5
2006-08-18,1306.05
2006-08-21,1291.3
2006-08-22,1324.35
2006-08-23,1278.4
2006-08-24,1277.6
2006-08-25,1278.15
2006-08-28,1262.5
2006-08-29,1290.7
2006-08-30,1300.7
2006-08-31,1310.15
2006-09-01,1320.0
2006-09-04,1319.65
2006-09-05,1324.55
2006-09-06,1316.4
2006-09-07,1355.2
2006-09-08,1339.0
2006-09-11,1335.7
2006-09-12,1329.8
2006-09-13,1353.0
2006-09-14,1335.3
2006-09-15,1333.05
2006-09-18,1376.9
2006-09-19,1348.1
2006-09-20,1373.9
2006-09-21,1405.85
2006-09-22,1408.8
2006-09-25,1397.1
2006-09-26,1418.5
2006-09-27,1447.65
2006-09-28,1498.4
2006-09-29,1533.15
2006-10-03,1480.3
2006-10-04,1434.9
2006-10-05,1448.1
2006-10-06,1432.3
2006-10-09,1393.2
2006-10-10,1419.8
2006-10-11,1439.8
2006-10-12,1501.15
2006-10-13,1527.0
2006-10-16,1547.15
2006-10-17,1511.9
2006-10-18,1479.9
2006-10-19,1456.35
2006-10-20,1450.75
2006-10-21,1446.85
2006-10-23,1430.7
2006-10-26,1449.05
2006-10-27,1478.65
2006-10-30,1453.15
2006-10-31,1463.9
2006-11-01,1425.75
2006-11-02,1444.5
2006-11-03,1479.0
2006-11-06,1526.15
2006-11-07,1561.3
2006-11-08,1521.55
2006-11-09,1506.45
2006-11-10,1498.25
2006-11-13,1551.1
2006-11-14,1545.7
2006-11-15,1525.8
2006-11-16,1555.9
2006-11-17,1605.25
2006-11-20,1659.6
2006-11-21,1644.5
2006-11-22,1638.45
2006-11-23,1652.95
2006-11-24,1649.4
2006-11-27,1649.65
2006-11-28,1626.75
2006-11-29,1631.25
2006-11-30,1646.95
2006-12-01,1640.95
2006-12-04,1621.8
2006-12-05,1606.0
2006-12-06,1589.4
2006-12-07,1565.95
2006-12-08,1551.4
2006-12-11,1545.15
2006-12-12,1498.3
2006-12-13,1500.0
2006-12-14,1530.1
2006-12-15,1553.65
2006-12-18,1556.3
2006-12-19,1553.15
2006-12-20,1571.55
2006-12-21,1581.95
2006-12-22,1579.05
2006-12-26,1600.35
2006-12-27,1626.15
2006-12-28,1631.45
2006-12-29,1626.9
2007-01-02,1619.55
2007-01-03,1608.0
2007-01-04,1578.7
2007-01-05,1618.15
2007-01-08,1595.05
2007-01-09,1562.4
2007-01-10,1528.25
2007-01-11,1522.55
2007-01-12,1578.7
2007-01-15,1596.5
2007-01-16,1559.6
2007-01-17,1546.5
2007-01-18,1599.5
2007-01-19,1600.15
2007-01-22,1611.85
2007-01-23,1602.55
2007-01-24,1641.1
2007-01-25,1686.75
2007-01-29,1669.55
2007-01-31,1673.85
2007-02-01,1674.95
2007-02-02,1743.65
2007-02-05,1820.35
2007-02-06,1797.1
2007-02-07,1803.05
2007-02-08,1806.95
2007-02-09,1816.75
2007-02-12,1758.95
2007-02-13,1723.55
2007-02-14,1683.05
2007-02-15,1692.5
2007-02-19,1695.85
2007-02-20,1653.0
2007-02-21,1672.8
2007-02-22,1662.05
2007-02-23,1603.9
2007-02-26,1606.35
2007-02-27,1605.95
2007-02-28,1507.25
2007-03-01,1511.35
2007-03-02,1533.85
2007-03-05,1497.2
2007-03-06,1492.0
2007-03-07,1532.55
2007-03-08,1546.8
2007-03-09,1563.65
2007-03-12,1582.5
2007-03-13,1605.3
2007-03-14,1556.0
2007-03-15,1512.85
2007-03-16,1504.15
2007-03-19,1534.1
2007-03-20,1567.25
2007-03-21,1545.5
2007-03-22,1574.0
2007-03-23,1593.9
2007-03-26,1574.05
2007-03-28,1518.4
2007-03-29,1537.85
2007-03-30,1519.8
2007-04-02,1434.75
2007-04-03,1426.65
2007-04-04,1496.9
2007-04-05,1527.1
2007-04-09,1557.2
2007-04-10,1606.95
2007-04-11,1581.85
2007-04-12,1539.25
2007-04-13,1563.05
2007-04-16,1575.95
2007-04-17,1581.65
2007-04-18,1593.05
2007-04-19,1561.9
2007-04-20,1650.55
2007-04-23,1667.55
2007-04-24,1711.2
2007-04-25,1755.6
2007-04-26,1737.7
2007-04-27,1686.5
2007-04-30,1666.35
2007-05-03,1679.45
2007-05-04,1633.4
2007-05-07,1628.95
2007-05-08,1604.1
2007-05-09,1591.75
2007-05-10,1683.45
2007-05-11,1654.65
2007-05-14,1675.9
2007-05-15,1671.7
2007-05-16,1698.1
2007-05-17,1710.95
2007-05-18,1702.4
2007-05-21,1718.15
2007-05-22,1792.8
2007-05-23,1804.45
2007-05-24,1757.35
2007-05-25,1816.65
2007-05-28,1845.85
2007-05-29,1812.8
2007-05-30,1827.3
2007-05-31,1882.6
2007-06-01,1863.4
2007-06-04,1894.55
2007-06-05,1897.65
2007-06-06,1833.1
2007-06-07,1819.7
2007-06-08,1749.6
2007-06-11,1758.45
2007-06-12,1779.45
2007-06-13,1751.25
2007-06-14,1824.55
2007-06-15,1785.7
2007-06-18,1766.2
2007-06-19,1771.15
2007-06-20,1814.55
2007-06-21,1851.95
2007-06-22,1880.9
2007-06-25,1900.3
2007-06-26,1887.45
2007-06-27,1865.0
2007-06-28,1959.95
2007-06-29,2033.7
2007-07-02,2032.0
2007-07-03,2000.55
2007-07-04,1982.35
2007-07-05,1950.25
2007-07-06,1916.55
2007-07-09,1922.35
2007-07-10,1915.4
2007-07-11,1904.35
2007-07-12,1954.1
2007-07-13,1987.55
2007-07-16,1995.25
2007-07-17,1962.7
2007-07-18,1950.1
2007-07-19,1957.8
2007-07-20,1966.3
2007-07-23,1991.85
2007-07-24,1973.0
2007-07-25,1966.4
2007-07-26,2028.85
2007-07-27,1907.6
2007-07-30,1907.45
2007-07-31,2017.1
2007-08-01,1942.55
2007-08-02,1945.45
2007-08-03,1989.55
2007-08-06,1940.95
2007-08-07,1973.2
2007-08-08,2072.3
2007-08-09,2019.75
2007-08-10,1948.75
2007-08-13,1983.3
2007-08-14,1941.1
2007-08-16,1883.25
2007-08-17,1899.6
2007-08-20,1915.7
2007-08-21,1903.2
2007-08-22,1901.75
2007-08-23,1907.75
2007-08-24,1908.6
2007-08-27,1972.05
2007-08-28,1977.85
2007-08-29,1955.5
2007-08-30,1990.55
2007-08-31,1977.5
2007-09-03,1998.3
2007-09-04,2060.55
2007-09-05,2051.65
2007-09-06,2112.65
2007-09-07,2126.95
2007-09-10,2107.7
2007-09-11,2148.25
2007-09-12,2170.95
2007-09-13,2207.05
2007-09-14,2221.65
2007-09-17,2180.3
2007-09-18,2180.6
2007-09-19,2351.8
2007-09-20,2339.15
2007-09-21,2368.85
2007-09-24,2380.55
2007-09-25,2392.4
2007-09-26,2476.6
2007-09-27,2503.2
2007-09-28,2527.9
2007-10-01,2526.55
2007-10-03,2591.5
2007-10-04,2493.75
2007-10-05,2450.65
2007-10-08,2469.5
2007-10-09,2509.45
2007-10-10,2508.95
2007-10-11,2524.6
2007-10-12,2477.75
2007-10-15,2561.65
2007-10-16,2574.5
2007-10-17,2486.4
2007-10-18,2450.1
2007-10-19,2412.8
2007-10-22,2558.95
2007-10-23,2568.65
2007-10-24,2542.75
2007-10-25,2528.3
2007-10-26,2571.75
2007-10-29,2813.0
2007-10-30,2761.05
2007-10-31,2771.55
2007-11-01,2697.25
2007-11-02,2650.5
2007-11-05,2610.1
2007-11-06,2587.3
2007-11-07,2571.2
2007-11-08,2565.5
2007-11-09,2523.9
2007-11-12,2517.05
2007-11-13,2581.6
2007-11-14,2760.95
2007-11-15,2701.0
2007-11-16,2701.25
2007-11-19,2693.95
2007-11-20,2640.4
2007-11-21,2609.4
2007-11-22,2565.15
2007-11-23,2669.45
2007-11-26,2712.4
2007-11-27,2700.1
2007-11-28,2705.15
2007-11-29,2707.55
2007-11-30,2781.4
2007-12-03,2738.35
2007-12-04,2737.2
2007-12-05,2739.95
2007-12-06,2814.3
2007-12-07,2922.4
2007-12-10,2876.7
2007-12-11,2944.95
2007-12-12,3112.1
2007-12-13,3169.4
2007-12-14,3060.75
2007-12-17,2869.55
2007-12-18,2811.75
2007-12-19,2748.9
2007-12-20,2722.95
2007-12-24,2898.55
2007-12-26,2891.8
2007-12-27,2910.2
2007-12-28,2926.35
2007-12-31,2877.75
2008-01-01,2922.6
2008-01-02,3058.8
2008-01-03,3045.0
2008-01-04,3126.5
2008-01-07,3116.3
2008-01-08,3080.5
2008-01-09,3180.15
2008-01-10,3131.65
2008-01-11,3058.7
2008-01-14,2978.9
2008-01-15,2918.55
2008-01-16,2845.0
2008-01-17,2851.85
2008-01-18,2810.0
2008-01-21,2685.1
2008-01-22,2510.25
2008-01-23,2533.4
2008-01-24,2609.2
2008-01-25,2714.25
2008-01-28,2785.05
2008-01-29,2864.0
2008-01-30,2884.15
2008-01-31,2839.1
2008-02-01,2999.9
2008-02-04,3018.9
2008-02-05,3070.05
2008-02-06,2978.2
2008-02-07,2948.45
2008-02-08,2792.85
2008-02-11,2627.6
2008-02-12,2617.5
2008-02-13,2718.5
2008-02-14,2865.1
2008-02-15,2925.45
2008-02-18,2902.4
2008-02-19,2853.4
2008-02-20,2750.65
2008-02-21,2649.85
2008-02-22,2574.5
2008-02-25,2588.2
2008-02-26,2580.55
2008-02-27,2690.5
2008-02-28,2748.15
2008-02-29,2796.35
2008-03-03,2571.4
2008-03-04,2630.95
2008-03-05,2766.65
2008-03-07,2625.2
2008-03-10,2553.85
2008-03-11,2502.3
2008-03-12,2533.5
2008-03-13,2500.15
2008-03-14,2502.3
2008-03-17,2226.55
2008-03-18,2210.9
2008-03-19,2214.0
2008-03-24,2379.7
2008-03-25,2595.4
2008-03-26,2670.15
2008-03-27,2665.7
2008-03-28,2613.95
2008-03-31,2379.75
2008-04-01,2361.95
2008-04-02,2472.9
2008-04-03,2444.95
2008-04-04,2274.7
2008-04-07,2301.35
2008-04-08,2310.2
2008-04-09,2403.65
2008-04-10,2388.7
2008-04-11,2380.1
2008-04-15,2376.45
2008-04-16,2387.3
2008-04-17,2483.75
2008-04-21,2489.55
2008-04-22,2585.35
2008-04-23,2563.4
2008-04-24,2594.5
2008-04-25,2694.75
2008-04-28,2720.25
2008-04-29,2888.8
2008-04-30,2800.0
2008-05-02,2774.8
2008-05-05,2711.3
2008-05-06,2722.9
2008-05-07,2732.4
2008-05-08,2722.55
2008-05-09,2644.5
2008-05-12,2700.25
2008-05-13,2651.35
2008-05-14,2738.7
2008-05-15,2801.8
2008-05-16,2762.0
2008-05-20,2781.35
2008-05-21,2690.0
2008-05-22,2627.65
2008-05-23,2674.9
2008-05-26,2567.0
2008-05-27,2519.85
2008-05-28,2514.5
2008-05-29,2433.0
2008-05-30,2572.85
2008-06-02,2521.4
2008-06-03,2457.0
2008-06-04,2402.7
2008-06-05,2392.8
2008-06-06,2349.45
2008-06-09,2207.15
2008-06-10,2103.9
2008-06-11,2185.6
2008-06-12,2174.25
2008-06-13,2129.2
2008-06-16,2160.6
2008-06-17,2297.2
2008-06-18,2314.7
2008-06-19,2232.8
2008-06-20,2172.6
2008-06-23,2213.85
2008-06-24,2264.25
2008-06-25,2168.7
2008-06-26,2236.25
2008-06-27,2052.4
2008-06-30,1964.85
2008-07-01,1838.75
2008-07-02,2036.85
2008-07-03,1940.8
2008-07-04,2057.4
2008-07-07,2059.55
2008-07-08,2010.95
2008-07-09,2096.55
2008-07-10,2116.35
2008-07-11,1998.2
2008-07-14,1933.55
2008-07-15,1799.55
2008-07-16,1718.3
2008-07-17,1888.6
2008-07-18,2066.55
2008-07-21,2085.5
2008-07-22,2140.8
2008-07-23,2376.4
2008-07-24,2352.65
2008-07-25,2214.8
2008-07-28,2223.5
2008-07-29,2108.0
2008-07-30,2273.1
2008-07-31,2277.35
2008-08-01,2401.75
2008-08-04,2373.0
2008-08-05,2465.0
2008-08-06,2391.35
2008-08-07,2477.6
2008-08-08,2516.1
2008-08-11,2576.75
2008-08-12,2466.75
2008-08-13,2406.85
2008-08-14,2288.35
2008-08-18,2363.7
2008-08-19,2284.65
2008-08-20,2315.9
2008-08-21,2207.85
2008-08-22,2280.1
2008-08-25,2364.75
2008-08-26,2342.0
2008-08-27,2296.4
2008-08-28,2246.3
2008-08-29,2343.5
2008-09-01,2339.4
2008-09-02,2447.6
2008-09-04,2419.1
2008-09-05,2281.85
2008-09-08,2379.9
2008-09-09,2379.8
2008-09-10,2319.85
2008-09-11,2261.0
2008-09-12,2182.0
2008-09-15,2203.5
2008-09-16,2175.55
2008-09-17,2168.15
2008-09-18,2130.5
2008-09-19,2317.35
2008-09-22,2332.3
2008-09-23,2197.25
2008-09-24,2178.7
2008-09-25,2165.4
2008-09-26,2091.15
2008-09-29,2031.8
2008-09-30,2143.95
2008-10-01,2207.05
2008-10-03,2079.55
2008-10-06,1961.05
2008-10-07,1952.15
2008-10-08,1888.2
2008-10-10,1721.8
2008-10-13,1811.85
2008-10-14,1833.4
2008-10-15,1710.05
2008-10-16,1804.75
2008-10-17,1782.05
2008-10-20,1883.0
2008-10-21,1975.15
2008-10-22,1904.95
2008-10-23,1763.8
2008-10-24,1575.05
2008-10-27,1467.4
2008-10-28,1541.65
2008-10-29,1504.5
2008-10-31,1764.7
2008-11-03,1894.35
2008-11-04,1918.95
2008-11-05,1749.8
2008-11-06,1657.3
2008-11-07,1701.55
2008-11-10,1776.5
2008-11-11,1659.3
2008-11-12,1636.15
2008-11-14,1558.65
2008-11-17,1497.3
2008-11-18,1419.85
2008-11-19,1366.15
2008-11-20,1287.1
2008-11-21,1396.05
2008-11-24,1371.95
2008-11-25,1350.6
2008-11-26,1415.2
2008-11-28,1469.45
2008-12-01,1443.75
2008-12-02,1387.4
2008-12-03,1410.5
2008-12-04,1511.75
2008-12-05,1430.3
2008-12-08,1511.95
2008-12-10,1618.55
2008-12-11,1606.0
2008-12-12,1634.3
2008-12-15,1612.75
2008-12-16,1546.2
2008-12-17,1538.3
2008-12-18,1534.55
2008-12-19,1523.8
2008-12-22,1496.25
2008-12-23,1480.05
2008-12-24,1463.55
2008-12-26,1449.05
2008-12-29,1498.05
2008-12-30,1532.65
2008-12-31,1486.4
2009-01-01,1505.35
2009-01-02,1545.15
2009-01-05,1630.15
2009-01-06,1680.45
2009-01-07,1629.25
2009-01-09,1643.7
2009-01-12,1616.8
2009-01-13,1553.2
2009-01-14,1586.35
2009-01-15,1534.85
2009-01-16,1565.5
2009-01-19,1546.1
2009-01-20,1485.8
2009-01-21,1373.55
2009-01-22,1403.25
2009-01-23,1389.1
2009-01-27,1445.6
2009-01-28,1504.55
2009-01-29,1530.2
2009-01-30,1531.6
2009-02-02,1421.5
2009-02-03,1431.3
2009-02-04,1438.55
2009-02-05,1387.9
2009-02-06,1412.0
2009-02-09,1492.05
2009-02-10,1510.2
2009-02-11,1531.95
2009-02-12,1525.05
2009-02-13,1540.4
2009-02-16,1498.55
2009-02-17,1433.6
2009-02-18,1362.35
2009-02-19,1392.8
2009-02-20,1352.4
2009-02-24,1291.7
2009-02-25,1254.75
2009-02-26,1212.05
2009-02-27,1274.5
2009-03-02,1240.45
2009-03-03,1201.3
2009-03-04,1160.9
2009-03-05,1151.25
2009-03-06,1220.25
2009-03-09,1255.8
2009-03-12,1290.2
2009-03-13,1377.5
2009-03-16,1392.85
2009-03-17,1364.6
2009-03-18,1354.0
2009-03-19,1387.95
2009-03-20,1410.8
2009-03-23,1527.9
2009-03-24,1564.85
2009-03-25,1594.0
2009-03-26,1656.45
2009-03-27,1585.4
2009-03-30,1446.8
2009-03-31,1412.2
2009-04-01,1505.8
2009-04-02,1576.9
2009-04-06,1698.35
2009-04-08,1708.5
2009-04-09,1705.1
2009-04-13,1688.65
2009-04-15,1770.8
2009-04-16,1754.3
2009-04-17,1799.55
2009-04-20,1751.7
2009-04-21,1750.7
2009-04-22,1742.15
2009-04-23,1758.0
2009-04-24,1805.4
2009-04-27,1807.95
2009-04-28,1665.05
2009-04-29,1726.95
2009-05-04,1965.05
2009-05-05,1850.85
2009-05-06,1740.7
2009-05-07,1817.45
2009-05-08,1736.4
2009-05-11,1711.15
2009-05-12,1844.7
2009-05-13,1905.7
2009-05-14,1860.9
2009-05-15,1938.55
2009-05-18,2374.2
2009-05-19,2370.3
2009-05-20,2200.55
2009-05-21,2093.65
2009-05-22,2117.0
2009-05-25,2086.15
2009-05-26,2083.3
2009-05-27,2170.85
2009-05-28,2183.25
2009-05-29,2179.6
2009-06-01,2302.75
2009-06-02,2402.8
2009-06-03,2379.75
2009-06-04,2432.5
2009-06-05,2425.7
2009-06-08,2329.75
2009-06-09,2359.1
2009-06-10,2349.65
2009-06-11,2346.5
2009-06-12,2282.15
2009-06-15,2283.45
2009-06-16,2309.35
2009-06-17,2280.9
2009-06-18,2275.7
2009-06-19,2291.05
2009-06-22,2306.3
2009-06-23,2365.35
2009-06-24,2310.45
2009-06-25,2377.25
2009-06-26,2435.15
2009-06-29,2373.2
2009-06-30,2344.75
2009-07-01,2345.55
2009-07-02,2404.7
2009-07-03,2586.3
2009-07-06,2355.9
2009-07-07,2361.45
2009-07-08,2326.05
2009-07-09,2306.85
2009-07-10,2198.5
2009-07-13,2211.45
2009-07-14,2371.65
2009-07-15,2426.2
2009-07-16,2378.05
2009-07-17,2522.8
2009-07-20,2506.85
2009-07-21,2525.1
2009-07-22,2402.0
2009-07-23,2451.15
2009-07-24,2413.5
2009-07-27,2356.7
2009-07-28,2377.4
2009-07-29,2367.5
2009-07-30,2473.45
2009-07-31,2536.05
2009-08-03,2533.8
2009-08-04,2504.7
2009-08-05,2469.25
2009-08-06,2410.8
2009-08-07,2381.9
2009-08-10,2335.8
2009-08-11,2307.9
2009-08-12,2288.8
2009-08-13,2363.15
2009-08-14,2316.0
2009-08-17,2249.85
2009-08-18,2323.15
2009-08-19,2355.1
2009-08-20,2392.65
2009-08-21,2440.7
2009-08-24,2525.5
2009-08-25,2508.6
2009-08-26,2514.7
2009-08-27,2501.25
2009-08-28,2511.15
2009-08-31,2474.35
2009-09-01,2413.9
2009-09-02,2394.4
2009-09-03,2382.1
2009-09-04,2462.65
2009-09-07,2520.8
2009-09-08,2500.85
2009-09-09,2535.2
2009-09-10,2491.05
2009-09-11,2523.1
2009-09-14,2504.35
2009-09-15,2555.85
2009-09-16,2536.8
2009-09-17,2561.3
2009-09-18,2536.75
2009-09-22,2666.2
2009-09-23,2651.75
2009-09-24,2747.65
2009-09-25,2748.35
2009-09-29,2777.1
2009-09-30,2789.55
2009-10-01,2702.5
2009-10-05,2693.95
2009-10-06,2734.2
2009-10-07,2727.5
2009-10-08,2733.75
2009-10-09,2693.5
2009-10-12,2756.05
2009-10-14,2800.65
2009-10-15,2764.55
2009-10-16,2836.4
2009-10-17,2813.0
2009-10-20,2790.0
2009-10-21,2690.8
2009-10-22,2677.5
2009-10-23,2721.1
2009-10-26,2773.6
2009-10-27,2757.65
2009-10-28,2659.05
2009-10-29,2671.1
2009-10-30,2658.4
2009-11-03,2601.35
2009-11-04,2650.35
2009-11-05,2650.0
2009-11-06,2701.35
2009-11-09,2772.6
2009-11-10,2756.3
2009-11-11,2810.4
2009-11-12,2738.55
2009-11-13,2757.0
2009-11-16,2761.35
2009-11-17,2749.1
2009-11-18,2735.1
2009-11-19,2744.75
2009-11-20,2811.95
2009-11-23,2839.05
2009-11-24,2815.65
2009-11-25,2807.0
2009-11-26,2756.9
2009-11-27,2705.7
2009-11-30,2766.75
2009-12-01,2804.45
2009-12-02,2750.4
2009-12-03,2731.35
2009-12-04,2721.2
2009-12-07,2762.3
2009-12-08,2799.6
2009-12-09,2725.3
2009-12-10,2721.75
2009-12-11,2695.25
2009-12-14,2679.8
2009-12-15,2617.35
2009-12-16,2609.35
2009-12-17,2606.5
2009-12-18,2575.35
2009-12-21,2564.25
2009-12-22,2562.8
2009-12-23,2645.05
2009-12-24,2659.15
2009-12-29,2689.8
2009-12-30,2677.2
2009-12-31,2675.8
2010-01-04,2674.35
2010-01-05,2683.45
2010-01-06,2696.35
2010-01-07,2646.15
2010-01-08,2600.05
2010-01-11,2600.1
2010-01-12,2559.65
2010-01-13,2543.9
2010-01-14,2524.95
2010-01-15,2521.5
2010-01-18,2557.45
2010-01-19,2510.5
2010-01-20,2527.25
2010-01-21,2437.0
2010-01-22,2408.7
2010-01-25,2381.95
2010-01-27,2305.55
2010-01-28,2346.85
2010-01-29,2383.85
2010-02-01,2386.7
2010-02-02,2420.05
2010-02-03,2515.65
2010-02-04,2418.5
2010-02-05,2389.8
2010-02-06,2396.6
2010-02-08,2393.5
2010-02-09,2397.3
2010-02-10,2380.35
2010-02-11,2382.5
2010-02-15,2390.9
2010-02-16,2428.2
2010-02-17,2463.95
2010-02-18,2480.95
2010-02-19,2480.0
2010-02-22,2484.6
2010-02-23,2518.7
2010-02-24,2492.85
2010-02-25,2462.5
2010-02-26,2500.3
2010-03-02,2560.3
2010-03-03,2604.65
2010-03-04,2596.2
2010-03-05,2588.35
2010-03-08,2611.25
2010-03-09,2659.25
2010-03-10,2705.75
2010-03-11,2701.55
2010-03-12,2715.7
2010-03-15,2675.25
2010-03-16,2688.85
2010-03-17,2726.75
2010-03-18,2737.95
2010-03-19,2694.45
2010-03-22,2624.85
2010-03-23,2621.55
2010-03-25,2586.15
2010-03-26,2613.0
2010-03-29,2661.1
2010-03-30,2638.7
2010-03-31,2717.2
2010-04-01,2782.55
2010-04-05,2795.05
2010-04-06,2824.95
2010-04-07,2806.55
2010-04-08,2725.9
2010-04-09,2843.05
2010-04-12,2827.8
2010-04-13,2748.3
2010-04-15,2689.7
2010-04-16,2674.6
2010-04-19,2693.15
2010-04-20,2702.85
2010-04-21,2704.8
2010-04-22,2736.65
2010-04-23,2727.4
2010-04-26,2829.75
2010-04-27,2852.9
2010-04-28,2806.4
2010-04-29,2832.65
2010-04-30,2813.95
2010-05-03,2801.6
2010-05-04,2822.6
2010-05-05,2801.15
2010-05-06,2752.8
2010-05-07,2726.8
2010-05-10,2789.35
2010-05-11,2773.3
2010-05-12,2779.05
2010-05-13,2808.75
2010-05-14,2776.8
2010-05-17,2759.45
2010-05-18,2740.0
2010-05-19,2673.7
2010-05-20,2710.5
2010-05-21,2710.2
2010-05-24,2664.1
2010-05-25,2610.1
2010-05-26,2695.05
2010-05-27,2763.8
2010-05-28,2790.15
2010-05-31,2789.75
2010-06-01,2706.8
2010-06-02,2710.6
2010-06-03,2735.2
2010-06-04,2748.9
2010-06-07,2671.0
2010-06-08,2702.2
2010-06-09,2705.15
2010-06-10,2749.9
2010-06-11,2808.9
2010-06-14,2837.4
2010-06-15,2859.05
2010-06-16,2912.9
2010-06-17,2932.75
2010-06-18,2930.45
2010-06-21,2985.45
2010-06-22,2979.25
2010-06-23,2993.65
2010-06-24,3022.3
2010-06-25,2935.4
2010-06-28,2958.75
2010-06-29,2902.65
2010-06-30,2944.2
2010-07-01,2915.4
2010-07-02,2916.25
2010-07-05,2939.35
2010-07-06,2945.0
2010-07-07,2905.05
2010-07-08,2941.7
2010-07-09,2966.4
2010-07-12,3003.35
2010-07-13,3064.3
2010-07-14,3076.85
2010-07-15,3044.65
2010-07-16,3019.85
2010-07-19,3059.55
2010-07-20,3013.6
2010-07-21,2970.4
2010-07-22,3017.7
2010-07-23,2993.45
2010-07-26,2958.55
2010-07-27,2939.0
2010-07-28,2895.55
2010-07-29,2976.9
2010-07-30,2980.25
2010-08-02,3024.05
2010-08-03,3051.5
2010-08-04,3060.0
2010-08-05,3028.8
2010-08-06,3069.2
2010-08-09,3115.55
2010-08-10,3073.2
2010-08-11,2998.75
2010-08-12,2985.6
2010-08-13,2995.9
2010-08-16,2973.9
2010-08-17,3008.95
2010-08-18,621.2
2010-08-19,645.05
2010-08-20,639.95
2010-08-23,629.6
2010-08-24,624.25
2010-08-25,620.05
2010-08-26,628.45
2010-08-27,623.15
2010-08-30,627.85
2010-08-31,627.0
2010-09-01,623.1
2010-09-02,632.55
2010-09-03,630.85
2010-09-06,636.3
2010-09-07,633.0
2010-09-08,630.55
2010-09-09,629.95
2010-09-13,665.4
2010-09-14,672.5
2010-09-15,683.9
2010-09-16,691.65
2010-09-17,683.65
2010-09-20,706.3
2010-09-21,721.6
2010-09-22,733.7
2010-09-23,729.3
2010-09-24,732.9
2010-09-27,728.45
2010-09-28,712.45
2010-09-29,707.0
2010-09-30,733.2
2010-10-01,743.35
2010-10-04,760.35
2010-10-05,741.35
2010-10-06,745.05
2010-10-07,725.8
2010-10-08,717.35
2010-10-11,721.1
2010-10-12,708.05
2010-10-13,739.9
2010-10-14,733.35
2010-10-15,727.15
2010-10-18,724.4
2010-10-19,720.65
2010-10-20,697.9
2010-10-21,704.75
2010-10-22,691.95
2010-10-25,706.5
2010-10-26,696.35
2010-10-27,678.05
2010-10-28,692.2
2010-10-29,687.7
2010-11-01,710.7
2010-11-02,702.8
2010-11-03,715.95
2010-11-04,739.7
2010-11-05,738.15
2010-11-08,726.2
2010-11-09,725.45
2010-11-10,725.35
2010-11-11,712.1
2010-11-12,716.05
2010-11-15,710.2
2010-11-16,698.4
2010-11-18,700.35
2010-11-19,695.35
2010-11-22,719.1
2010-11-23,699.65
2010-11-24,688.3
2010-11-25,695.95
2010-11-26,684.95
2010-11-29,694.85
2010-11-30,686.65
2010-12-01,697.75
2010-12-02,705.5
2010-12-03,695.3
2010-12-06,704.85
2010-12-07,700.8
2010-12-08,684.75
2010-12-09,671.95
2010-12-10,668.6
2010-12-13,693.75
2010-12-14,692.75
2010-12-15,685.45
2010-12-16,688.5
2010-12-20,692.3
2010-12-21,699.1
2010-12-22,697.75
2010-12-23,701.8
2010-12-24,698.9
2010-12-27,696.05
2010-12-28,700.4
2010-12-29,717.4
2010-12-30,729.2
2010-12-31,728.35
2011-01-03,728.2
2011-01-04,731.75
2011-01-05,708.1
2011-01-06,706.9
2011-01-07,683.9
2011-01-10,653.6
2011-01-11,659.35
2011-01-12,680.65
2011-01-13,667.35
2011-01-14,641.75
2011-01-17,663.65
2011-01-18,658.35
2011-01-19,653.1
2011-01-20,660.6
2011-01-21,651.2
2011-01-24,669.45
2011-01-25,670.2
2011-01-27,667.1
2011-01-28,645.25
2011-01-31,628.35
2011-02-01,633.25
2011-02-02,617.45
2011-02-03,624.3
2011-02-04,604.15
2011-02-07,590.65
2011-02-08,589.15
2011-02-09,608.3
2011-02-10,595.85
2011-02-11,623.15
2011-02-14,642.8
2011-02-15,646.6
2011-02-16,626.9
2011-02-17,650.05
2011-02-18,643.85
2011-02-21,648.1
2011-02-22,641.1
2011-02-23,647.0
2011-02-24,616.8
2011-02-25,623.6
2011-02-28,629.2
2011-03-01,650.75
2011-03-03,672.1
2011-03-04,681.5
2011-03-07,667.0
2011-03-08,675.15
2011-03-09,672.7
2011-03-10,666.8
2011-03-11,660.4
2011-03-14,671.45
2011-03-15,663.1
2011-03-16,659.85
2011-03-17,637.0
2011-03-18,620.3
2011-03-21,626.45
2011-03-22,637.8
2011-03-23,640.2
2011-03-24,644.1
2011-03-25,663.7
2011-03-28,667.9
2011-03-29,683.05
2011-03-30,698.45
2011-03-31,701.2
2011-04-01,708.2
2011-04-04,705.55
2011-04-05,698.35
2011-04-06,698.9
2011-04-07,715.7
2011-04-08,710.65
2011-04-11,690.15
2011-04-13,718.0
2011-04-15,706.7
2011-04-18,692.1
2011-04-19,694.6
2011-04-20,715.0
2011-04-21,732.2
2011-04-25,731.05
2011-04-26,722.85
2011-04-27,722.1
2011-04-28,717.35
2011-04-29,706.8
2011-05-02,699.4
2011-05-03,684.35
2011-05-04,662.5
2011-05-05,655.05
2011-05-06,664.8
2011-05-09,664.55
2011-05-10,661.1
2011-05-11,666.1
2011-05-12,647.2
2011-05-13,644.7
2011-05-16,634.0
2011-05-17,631.6
2011-05-18,646.05
2011-05-19,643.85
2011-05-20,658.85
2011-05-23,646.55
2011-05-24,649.4
2011-05-25,644.25
2011-05-26,643.15
2011-05-27,656.3
2011-05-30,668.55
2011-05-31,684.05
2011-06-01,689.1
2011-06-02,680.0
2011-06-03,660.05
2011-06-06,670.65
2011-06-07,669.2
2011-06-08,658.3
2011-06-09,654.8
2011-06-10,651.5
2011-06-13,657.0
2011-06-14,648.4
2011-06-15,648.2
2011-06-16,648.1
2011-06-17,638.65
2011-06-20,630.05
2011-06-21,643.05
2011-06-22,644.65
2011-06-23,638.95
2011-06-24,668.0
2011-06-27,674.55
2011-06-28,689.75
2011-06-29,696.05
2011-06-30,706.3
2011-07-01,703.3
2011-07-04,700.75
2011-07-05,700.2
2011-07-06,710.9
2011-07-07,724.4
2011-07-08,714.2
2011-07-11,709.1
2011-07-12,689.75
2011-07-13,694.2
2011-07-14,703.6
2011-07-15,693.8
2011-07-18,700.7
2011-07-19,703.7
2011-07-20,697.25
2011-07-21,698.55
2011-07-22,707.85
2011-07-25,708.2
2011-07-26,693.95
2011-07-27,703.3
2011-07-28,688.35
2011-07-29,689.0
2011-08-01,694.6
2011-08-02,685.0
2011-08-03,679.95
2011-08-04,676.45
2011-08-05,664.8
2011-08-08,646.75
2011-08-09,659.0
2011-08-10,666.15
2011-08-11,683.7
2011-08-12,668.75
2011-08-16,644.5
2011-08-17,660.6
2011-08-18,640.65
2011-08-19,639.2
2011-08-22,641.15
2011-08-23,645.85
2011-08-24,646.3
2011-08-25,628.2
2011-08-26,621.8
2011-08-29,645.2
2011-08-30,662.65
2011-09-02,660.95
2011-09-05,650.05
2011-09-06,655.2
2011-09-07,667.5
2011-09-08,659.25
2011-09-09,661.55
2011-09-12,654.2
2011-09-13,646.65
2011-09-14,645.1
2011-09-15,654.8
2011-09-16,662.35
2011-09-19,653.0
2011-09-20,675.05
2011-09-21,674.1
2011-09-22,643.5
2011-09-23,625.0
2011-09-26,622.35
2011-09-27,641.15
2011-09-28,636.95
2011-09-29,652.45
2011-09-30,640.9
2011-10-03,634.45
2011-10-04,620.8
2011-10-05,624.95
2011-10-07,645.4
2011-10-10,662.55
2011-10-11,666.75
2011-10-12,669.9
2011-10-13,664.4
2011-10-14,666.8
2011-10-17,673.45
2011-10-18,673.8
2011-10-19,673.95
2011-10-20,644.95
2011-10-21,633.4
2011-10-24,640.5
2011-10-25,669.2
2011-10-26,667.2
2011-10-28,688.7
2011-10-31,688.85
2011-11-01,684.35
2011-11-02,682.7
2011-11-03,683.45
2011-11-04,683.9
2011-11-08,679.85
2011-11-09,682.4
2011-11-11,666.7
2011-11-14,672.75
2011-11-15,657.55
2011-11-16,645.4
2011-11-17,635.05
2011-11-18,645.6
2011-11-21,623.35
2011-11-22,637.95
2011-11-23,624.15
2011-11-24,626.1
2011-11-25,613.75
2011-11-28,646.65
2011-11-29,635.65
2011-11-30,641.7
2011-12-01,656.1
2011-12-02,667.6
2011-12-05,662.2
2011-12-07,675.55
2011-12-08,669.3
2011-12-09,655.4
2011-12-12,647.35
2011-12-13,646.35
2011-12-14,630.35
2011-12-15,636.4
2011-12-16,626.35
2011-12-19,618.25
2011-12-20,623.4
2011-12-21,655.45
2011-12-22,662.45
2011-12-23,660.9
2011-12-26,665.75
2011-12-27,667.85
2011-12-28,660.85
2011-12-29,656.6
2011-12-30,652.05
2012-01-02,650.4
2012-01-03,665.2
2012-01-04,660.95
2012-01-05,670.3
2012-01-06,670.4
2012-01-07,668.55
2012-01-09,663.25
2012-01-10,684.0
2012-01-11,680.95
2012-01-12,687.4
2012-01-13,681.55
2012-01-16,674.2
2012-01-17,675.35
2012-01-18,682.8
2012-01-19,693.7
2012-01-20,692.1
2012-01-23,695.5
2012-01-24,700.55
2012-01-25,709.2
2012-01-27,699.8
2012-01-30,688.1
2012-01-31,697.85
2012-02-01,688.9
2012-02-02,685.75
2012-02-03,696.65
2012-02-06,699.2
2012-02-07,685.35
2012-02-08,696.9
2012-02-09,697.15
2012-02-10,693.9
2012-02-13,695.15
2012-02-14,697.75
2012-02-15,713.65
2012-02-16,718.0
2012-02-17,716.8
2012-02-21,714.35
2012-02-22,701.7
2012-02-23,701.3
2012-02-24,676.4
2012-02-27,664.75
2012-02-28,670.05
2012-02-29,663.15
2012-03-01,669.4
2012-03-02,672.65
2012-03-03,668.65
2012-03-05,657.15
2012-03-06,651.1
2012-03-07,654.0
2012-03-09,680.5
2012-03-12,671.1
2012-03-13,681.85
2012-03-14,677.5
2012-03-15,661.3
2012-03-16,666.45
2012-03-19,650.25
2012-03-20,657.5
2012-03-21,667.5
2012-03-22,659.2
2012-03-23,660.55
2012-03-26,651.25
2012-03-27,667.55
2012-03-28,660.95
2012-03-29,666.8
2012-03-30,673.3
2012-04-02,683.15
2012-04-03,687.45
2012-04-04,679.65
2012-04-09,666.05
2012-04-10,671.75
2012-04-11,674.05
2012-04-12,679.4
2012-04-13,680.7
2012-04-16,677.8
2012-04-17,683.8
2012-04-18,680.35
2012-04-19,690.65
2012-04-20,684.7
2012-04-23,683.4
2012-04-24,683.0
2012-04-25,676.85
2012-04-26,674.1
2012-04-27,674.45
2012-04-28,677.25
2012-04-30,673.6
2012-05-02,672.2
2012-05-03,666.8
2012-05-04,659.95
2012-05-07,663.65
2012-05-08,657.3
2012-05-09,650.05
2012-05-10,651.4
2012-05-11,645.8
2012-05-14,645.0
2012-05-15,645.3
2012-05-16,620.9
2012-05-17,633.85
2012-05-18,635.3
2012-05-21,641.25
2012-05-22,642.6
2012-05-23,635.5
2012-05-24,663.8
2012-05-25,656.55
2012-05-28,664.1
2012-05-29,660.65
2012-05-30,655.9
2012-05-31,654.65
2012-06-01,643.25
2012-06-04,639.6
2012-06-05,643.95
2012-06-06,650.65
2012-06-07,656.45
2012-06-08,655.95
2012-06-11,656.6
2012-06-12,658.45
2012-06-13,655.85
2012-06-14,644.3
2012-06-15,646.25
2012-06-18,638.7
2012-06-19,642.2
2012-06-20,642.5
2012-06-21,647.85
2012-06-22,640.05
2012-06-25,644.0
2012-06-26,643.0
2012-06-27,644.6
2012-06-28,645.1
2012-06-29,653.2
2012-07-02,662.35
2012-07-03,674.55
2012-07-04,675.6
2012-07-05,676.5
2012-07-06,684.35
2012-07-09,676.25
2012-07-10,682.4
2012-07-11,678.8
2012-07-12,675.85
2012-07-13,676.35
2012-07-16,680.45
2012-07-17,683.75
2012-07-18,687.15
2012-07-19,693.8
2012-07-20,684.75
2012-07-23,677.0
2012-07-24,674.3
2012-07-25,675.1
2012-07-26,670.1
2012-07-27,673.8
2012-07-30,678.1
2012-07-31,691.15
2012-08-01,699.85
2012-08-02,695.7
2012-08-03,699.35
2012-08-06,710.4
2012-08-07,719.55
2012-08-08,721.6
2012-08-09,694.9
2012-08-10,690.15
2012-08-13,716.35
2012-08-14,702.85
2012-08-16,710.15
2012-08-17,713.3
2012-08-21,732.5
2012-08-22,726.4
2012-08-23,719.75
2012-08-24,722.5
2012-08-27,721.95
2012-08-28,723.25
2012-08-29,715.05
2012-08-30,726.6
2012-08-31,735.3
2012-09-03,734.65
2012-09-04,722.55
2012-09-05,724.65
2012-09-06,722.4
2012-09-07,729.4
2012-09-08,731.0
2012-09-10,741.2
2012-09-11,759.55
2012-09-12,756.55
2012-09-13,750.35
2012-09-14,770.45
2012-09-17,779.9
2012-09-18,774.6
2012-09-20,760.9
2012-09-21,780.2
2012-09-24,759.35
2012-09-25,768.8
2012-09-26,760.9
2012-09-27,761.25
2012-09-28,774.4
2012-10-01,768.95
2012-10-03,776.3
2012-10-04,789.05
2012-10-05,749.95
2012-10-08,750.6
2012-10-09,747.95
2012-10-10,741.2
2012-10-11,748.1
2012-10-12,740.25
2012-10-15,740.2
2012-10-16,744.2
2012-10-17,752.85
2012-10-18,761.65
2012-10-19,753.3
2012-10-22,750.75
2012-10-23,750.55
2012-10-25,765.75
2012-10-26,758.3
2012-10-29,756.95
2012-10-30,750.65
2012-10-31,762.35
2012-11-01,763.5
2012-11-02,766.25
2012-11-05,770.0
2012-11-06,783.75
2012-11-07,799.65
2012-11-08,793.8
2012-11-09,793.95
2012-11-12,791.6
2012-11-13,784.55
2012-11-15,793.15
2012-11-16,774.85
2012-11-19,764.85
2012-11-20,782.05
2012-11-21,778.75
2012-11-22,775.15
2012-11-23,779.35
2012-11-26,775.65
2012-11-27,799.2
2012-11-29,821.8
2012-11-30,843.5
2012-12-03,836.2
2012-12-04,841.55
2012-12-05,837.95
2012-12-06,844.15
2012-12-07,837.75
2012-12-10,865.8
2012-12-11,874.95
2012-12-12,859.7
2012-12-13,854.3
2012-12-14,852.3
2012-12-17,836.85
2012-12-18,846.85
2012-12-19,830.75
2012-12-20,831.0
2012-12-21,830.2
2012-12-24,828.7
2012-12-26,834.7
2012-12-27,828.45
2012-12-28,834.4
2012-12-31,828.85
2013-01-01,832.95
2013-01-02,846.6
2013-01-03,845.5
2013-01-04,837.7
2013-01-07,822.95
2013-01-08,840.3
2013-01-09,830.0
2013-01-10,825.5
2013-01-11,809.5
2013-01-14,827.05
2013-01-15,825.5
2013-01-16,818.85
2013-01-17,807.6
2013-01-18,822.7
2013-01-21,812.5
2013-01-22,813.35
2013-01-23,820.85
2013-01-24,807.65
2013-01-25,805.85
2013-01-28,801.7
2013-01-29,802.5
2013-01-30,797.15
2013-01-31,786.55
2013-02-01,777.95
2013-02-04,798.25
2013-02-05,797.4
2013-02-06,807.75
2013-02-07,810.65
2013-02-08,808.8
2013-02-11,800.2
2013-02-12,800.4
2013-02-13,815.0
2013-02-14,816.2
2013-02-15,812.1
2013-02-18,824.45
2013-02-19,823.45
2013-02-20,819.6
2013-02-21,815.05
2013-02-22,799.85
2013-02-25,802.05
2013-02-26,771.55
2013-02-27,779.35
2013-02-28,757.65
2013-03-01,777.5
2013-03-04,773.8
2013-03-05,773.1
2013-03-06,774.3
2013-03-07,782.05
2013-03-08,813.25
2013-03-11,831.65
2013-03-12,823.8
2013-03-13,809.2
2013-03-14,814.1
2013-03-15,817.3
2013-03-18,810.1
2013-03-19,784.55
2013-03-20,780.4
2013-03-21,797.9
2013-03-22,796.4
2013-03-25,806.2
2013-03-26,824.2
2013-03-28,826.25
2013-04-01,825.2
2013-04-02,817.25
2013-04-03,811.65
2013-04-04,792.35
2013-04-05,770.8
2013-04-08,758.2
2013-04-09,752.95
2013-04-10,783.15
2013-04-11,763.6
2013-04-12,764.8
2013-04-15,774.9
2013-04-16,803.7
2013-04-17,790.4
2013-04-18,818.25
2013-04-22,835.6
2013-04-23,838.1
2013-04-25,862.75
2013-04-26,872.6
2013-04-29,864.2
2013-04-30,847.6
2013-05-02,863.45
2013-05-03,854.9
2013-05-06,852.65
2013-05-07,853.75
2013-05-08,885.0
2013-05-09,880.35
2013-05-10,877.3
2013-05-11,874.5
2013-05-13,863.5
2013-05-14,870.85
2013-05-15,910.05
2013-05-16,908.35
2013-05-17,903.35
2013-05-20,898.4
2013-05-21,902.05
2013-05-22,899.85
2013-05-23,903.15
2013-05-24,906.05
2013-05-27,929.5
2013-05-28,919.8
2013-05-29,910.55
2013-05-30,926.25
2013-05-31,890.15
2013-06-03,869.05
2013-06-04,854.2
2013-06-05,843.95
2013-06-06,845.0
2013-06-07,839.35
2013-06-10,852.6
2013-06-11,831.15
2013-06-12,820.75
2013-06-13,812.2
2013-06-14,835.0
2013-06-17,844.4
2013-06-18,834.0
2013-06-19,842.75
2013-06-20,817.55
2013-06-21,820.7
2013-06-24,824.8
2013-06-25,817.45
2013-06-26,815.6
2013-06-27,837.15
2013-06-28,879.05
2013-07-01,889.65
2013-07-02,875.15
2013-07-03,853.6
2013-07-04,852.1
2013-07-05,850.1
2013-07-08,824.05
2013-07-09,830.05
2013-07-10,827.5
2013-07-11,854.8
2013-07-12,851.3
2013-07-15,848.5
2013-07-16,816.05
2013-07-17,817.1
2013-07-18,829.05
2013-07-19,803.2
2013-07-22,830.3
2013-07-23,826.85
2013-07-24,803.25
2013-07-25,800.8
2013-07-26,805.55
2013-07-29,806.6
2013-07-30,807.85
2013-07-31,800.45
2013-08-01,817.0
2013-08-02,808.35
2013-08-05,798.95
2013-08-06,751.85
2013-08-07,729.7
2013-08-08,746.95
2013-08-12,769.75
2013-08-13,791.95
2013-08-14,780.7
2013-08-16,737.9
2013-08-19,735.5
2013-08-20,726.25
2013-08-21,747.25
2013-08-22,735.9
2013-08-23,740.85
2013-08-26,744.0
2013-08-27,686.0
2013-08-28,652.75
2013-08-29,695.5
2013-08-30,718.65
2013-09-02,738.4
2013-09-03,702.35
2013-09-04,709.5
2013-09-05,750.4
2013-09-06,760.85
2013-09-10,809.15
2013-09-11,811.8
2013-09-12,814.45
2013-09-13,807.95
2013-09-16,814.25
2013-09-17,803.95
2013-09-18,799.2
2013-09-19,834.55
2013-09-20,810.4
2013-09-23,776.2
2013-09-24,788.25
2013-09-25,779.65
2013-09-26,792.85
2013-09-27,784.2
2013-09-30,764.25
2013-10-01,785.9
2013-10-03,802.4
2013-10-04,798.7
2013-10-07,797.8
2013-10-08,791.5
2013-10-09,802.2
2013-10-10,808.25
2013-10-11,810.5
2013-10-14,803.35
2013-10-15,801.95
2013-10-17,795.2
2013-10-18,819.45
2013-10-21,821.15
2013-10-22,810.7
2013-10-23,809.7
2013-10-24,812.15
2013-10-25,809.8
2013-10-28,820.85
2013-10-29,839.6
2013-10-30,849.45
2013-10-31,855.05
2013-11-01,855.4
2013-11-03,852.8
2013-11-05,859.45
2013-11-06,838.95
2013-11-07,841.75
2013-11-08,809.35
2013-11-11,805.35
2013-11-12,794.85
2013-11-13,791.4
2013-11-14,793.3
2013-11-18,814.45
2013-11-19,818.4
2013-11-20,807.75
2013-11-21,781.7
2013-11-22,793.35
2013-11-25,818.7
2013-11-26,807.35
2013-11-27,808.1
2013-11-28,814.1
2013-11-29,823.8
2013-12-02,827.65
2013-12-03,822.4
2013-12-04,812.15
2013-12-05,827.45
2013-12-06,813.75
2013-12-09,820.0
2013-12-10,808.95
2013-12-11,818.2
2013-12-12,826.95
2013-12-13,806.8
2013-12-16,798.55
2013-12-17,778.45
2013-12-18,798.25
2013-12-19,776.25
2013-12-20,801.85
2013-12-23,789.8
2013-12-24,779.9
2013-12-26,779.3
2013-12-27,788.4
2013-12-30,795.65
2013-12-31,794.65
2014-01-01,793.5
2014-01-02,791.1
2014-01-03,791.0
2014-01-06,795.85
2014-01-07,797.9
2014-01-08,804.3
2014-01-09,802.15
2014-01-10,801.45
2014-01-13,818.65
2014-01-14,824.35
2014-01-15,846.5
2014-01-16,857.6
2014-01-17,840.05
2014-01-20,834.8
2014-01-21,838.15
2014-01-22,841.05
2014-01-23,856.15
2014-01-24,844.7
2014-01-27,833.0
2014-01-28,831.15
2014-01-29,825.15
2014-01-30,829.15
2014-01-31,808.45
2014-02-03,788.85
2014-02-04,788.15
2014-02-05,784.8
2014-02-06,785.35
2014-02-07,783.45
2014-02-10,765.4
2014-02-11,774.8
2014-02-12,785.5
2014-02-13,766.05
2014-02-14,770.7
2014-02-17,779.3
2014-02-18,803.9
2014-02-19,805.8
2014-02-20,791.65
2014-02-21,800.6
2014-02-24,810.25
2014-02-25,811.4
2014-02-26,819.1
2014-02-28,819.3
2014-03-03,812.55
2014-03-04,821.85
2014-03-05,827.15
2014-03-06,837.85
2014-03-07,848.25
2014-03-10,850.2
2014-03-11,853.1
2014-03-12,854.65
2014-03-13,865.4
2014-03-14,856.65
2014-03-18,852.2
2014-03-19,867.7
2014-03-20,847.85
2014-03-21,843.25
2014-03-22,841.9
2014-03-24,860.25
2014-03-25,871.7
2014-03-26,866.4
2014-03-27,875.1
2014-03-28,875.8
2014-03-31,883.9
2014-04-01,888.8
2014-04-02,899.0
2014-04-03,904.15
2014-04-04,895.1
2014-04-07,895.85
2014-04-09,922.7
2014-04-10,927.25
2014-04-11,918.65
2014-04-15,887.5
2014-04-16,870.2
2014-04-17,879.8
2014-04-21,876.95
2014-04-22,874.85
2014-04-23,879.55
2014-04-25,894.1
2014-04-28,884.35
2014-04-29,887.4
2014-04-30,897.95
2014-05-02,910.95
2014-05-05,886.45
2014-05-06,877.55
2014-05-07,852.6
2014-05-08,850.45
2014-05-09,884.6
2014-05-12,895.55
2014-05-13,906.35
2014-05-14,888.85
2014-05-15,903.15
2014-05-16,885.8
2014-05-19,916.95
2014-05-20,940.6
2014-05-21,940.75
2014-05-22,920.15
2014-05-23,931.95
2014-05-26,927.75
2014-05-27,910.25
2014-05-28,902.05
2014-05-29,896.9
2014-05-30,876.8
2014-06-02,896.35
2014-06-03,912.75
2014-06-04,901.55
2014-06-05,908.75
2014-06-06,935.15
2014-06-09,944.95
2014-06-10,954.45
2014-06-11,956.9
2014-06-12,982.05
2014-06-13,979.7
2014-06-16,961.65
2014-06-17,965.6
2014-06-18,958.45
2014-06-19,968.45
2014-06-20,969.05
2014-06-23,971.0
2014-06-24,996.1
2014-06-25,995.45
2014-06-26,976.85
2014-06-27,976.1
2014-06-30,992.55
2014-07-01,984.1
2014-07-02,1007.8
2014-07-03,1008.15
2014-07-04,1013.1
2014-07-07,1020.6
2014-07-08,1022.2
2014-07-09,1015.4
2014-07-10,1022.85
2014-07-11,989.65
2014-07-14,983.8
2014-07-15,977.55
2014-07-16,976.0
2014-07-17,972.35
2014-07-18,983.0
2014-07-21,1010.3
2014-07-22,1041.05
2014-07-23,1037.05
2014-07-24,1036.25
2014-07-25,1067.75
2014-07-28,1066.5
2014-07-30,1087.55
2014-07-31,1068.4
2014-08-01,1039.65
2014-08-04,1027.2
2014-08-05,1045.45
2014-08-06,1035.35
2014-08-07,1026.85
2014-08-08,1026.95
2014-08-11,1063.2
2014-08-12,1116.4
2014-08-13,1144.1
2014-08-14,1124.3
2014-08-18,1112.55
2014-08-19,1085.05
2014-08-20,1072.4
2014-08-21,1064.4
2014-08-22,1044.6
2014-08-25,1056.3
2014-08-26,1061.95
2014-08-27,1069.65
2014-08-28,1074.5
2014-09-01,1058.7
2014-09-02,1066.25
2014-09-03,1062.7
2014-09-04,1080.2
2014-09-05,1055.05
2014-09-08,1051.65
2014-09-09,1050.25
2014-09-10,1035.05
2014-09-11,1037.85
2014-09-12,1050.3
2014-09-15,1034.1
2014-09-16,1017.8
2014-09-17,1018.4
2014-09-18,1053.05
2014-09-19,1066.25
2014-09-22,1079.15
2014-09-23,1066.15
2014-09-24,1054.7
2014-09-25,1056.7
2014-09-26,1038.2
2014-09-29,1031.15
2014-09-30,1055.25
2014-10-01,1050.35
2014-10-07,1017.8
2014-10-08,1014.65
2014-10-09,1042.65
2014-10-10,1006.4
2014-10-13,1017.8
2014-10-14,1004.05
2014-10-16,981.3
2014-10-17,997.15
2014-10-20,1020.1
2014-10-21,1021.0
2014-10-22,1030.75
2014-10-23,1031.55
2014-10-27,1036.75
2014-10-28,1049.65
2014-10-29,1048.6
2014-10-30,1064.7
2014-10-31,1105.9
2014-11-03,1120.5
2014-11-05,1100.55
2014-11-07,1099.75
2014-11-10,1113.7
2014-11-11,1127.55
2014-11-12,1142.7
2014-11-13,1129.05
2014-11-14,1126.85
2014-11-17,1129.9
2014-11-18,1105.65
2014-11-19,1117.2
2014-11-20,1122.35
2014-11-21,1134.4
2014-11-24,1136.7
2014-11-25,1146.45
2014-11-26,1158.45
2014-11-27,1152.6
2014-11-28,1160.65
2014-12-01,1137.55
2014-12-02,1125.1
2014-12-03,1104.6
2014-12-04,1113.0
2014-12-05,1114.85
2014-12-08,1107.6
2014-12-09,1103.2
2014-12-10,1100.05
2014-12-11,1092.6
2014-12-12,1069.5
2014-12-15,1124.3
2014-12-16,1086.85
2014-12-17,1088.95
2014-12-18,1098.2
2014-12-19,1114.95
2014-12-22,1146.3
2014-12-23,1124.35
2014-12-24,1099.85
2014-12-26,1116.15
2014-12-29,1124.1
2014-12-30,1129.4
2014-12-31,1135.9
2015-01-01,1124.0
2015-01-02,1171.9
2015-01-05,1156.4
2015-01-06,1101.95
2015-01-07,1099.25
2015-01-08,1123.35
2015-01-09,1113.3
2015-01-12,1128.55
2015-01-13,1122.2
2015-01-14,1120.3
2015-01-15,1202.55
2015-01-16,1194.55
2015-01-19,1181.7
2015-01-20,1251.55
2015-01-21,1287.2
2015-01-22,1279.65
2015-01-23,1290.1
2015-01-27,1315.85
2015-01-28,1344.6
2015-01-29,1315.55
2015-01-30,1262.5
2015-02-02,1269.3
2015-02-03,1230.15
2015-02-04,1232.45
2015-02-05,1246.45
2015-02-06,1280.55
2015-02-09,1271.95
2015-02-10,1246.15
2015-02-11,1245.8
2015-02-12,1253.25
2015-02-13,1268.65
2015-02-16,1288.0
2015-02-18,1328.6
2015-02-19,1353.45
2015-02-20,1333.15
2015-02-23,1311.25
2015-02-24,1310.4
2015-02-25,1340.55
2015-02-26,1345.7
2015-02-27,1347.4
2015-02-28,1335.15
2015-03-02,1339.95
2015-03-03,1368.05
2015-03-04,1367.7
2015-03-05,1394.8
2015-03-09,1368.35
2015-03-10,1312.4
2015-03-11,1322.75
2015-03-12,1332.85
2015-03-13,1328.05
2015-03-16,1305.7
2015-03-17,1339.45
2015-03-18,1322.05
2015-03-19,1327.7
2015-03-20,1338.45
2015-03-23,1345.7
2015-03-24,1358.85
2015-03-25,1354.55
2015-03-26,1283.7
2015-03-27,1262.7
2015-03-30,1306.2
2015-03-31,1315.7
2015-04-01,1337.05
2015-04-06,1330.6
2015-04-07,1328.7
2015-04-08,1299.7
2015-04-09,1303.05
2015-04-10,1290.35
2015-04-13,1305.25
2015-04-15,1290.45
2015-04-16,1306.8
2015-04-17,1306.7
2015-04-20,1268.65
2015-04-21,1258.15
2015-04-22,1277.2
2015-04-23,1276.05
2015-04-24,1245.15
2015-04-27,1211.75
2015-04-28,1228.25
2015-04-29,1201.15
2015-04-30,1170.0
2015-05-04,1202.2
2015-05-05,1180.35
2015-05-06,1163.6
2015-05-07,1154.25
2015-05-08,1185.35
2015-05-11,1226.1
2015-05-12,1191.35
2015-05-13,1219.4
2015-05-14,1209.7
2015-05-15,1234.3
2015-05-18,1264.3
2015-05-19,1240.55
2015-05-20,1270.05
2015-05-21,1255.95
2015-05-22,1288.05
2015-05-25,1252.65
2015-05-26,1240.45
2015-05-27,1239.9
2015-05-28,1229.25
2015-05-29,1236.05
2015-06-01,1247.75
2015-06-02,1203.1
2015-06-03,1202.85
2015-06-04,1216.0
2015-06-05,1201.35
2015-06-08,1176.75
2015-06-09,1188.8
2015-06-10,1190.55
2015-06-11,1164.3
2015-06-12,1190.4
2015-06-15,1214.55
2015-06-16,1199.05
2015-06-17,1200.9
2015-06-18,1213.3
2015-06-19,1236.85
2015-06-22,1271.55
2015-06-23,1285.2
2015-06-24,1283.9
2015-06-25,1308.85
2015-06-26,1287.85
2015-06-29,1285.5
2015-06-30,1296.45
2015-07-01,1292.7
2015-07-02,1285.2
2015-07-03,1316.05
2015-07-06,1317.6
2015-07-07,1337.3
2015-07-08,1290.05
2015-07-09,1285.3
2015-07-10,1283.35
2015-07-13,1323.75
2015-07-14,1318.4
2015-07-15,1340.15
2015-07-16,1359.7
2015-07-17,1326.65
2015-07-20,1315.35
2015-07-21,1311.6
2015-07-22,1345.75
2015-07-23,1350.55
2015-07-24,1358.75
2015-07-27,1336.0
2015-07-28,1304.4
2015-07-29,1312.05
2015-07-30,1335.8
2015-07-31,1340.4
2015-08-03,1324.35
2015-08-04,1302.45
2015-08-05,1302.45
2015-08-06,1303.85
2015-08-07,1298.45
2015-08-10,1305.5
2015-08-11,1290.65
2015-08-12,1261.95
2015-08-13,1256.95
2015-08-14,1299.95
2015-08-17,1279.6
2015-08-18,1266.1
2015-08-19,1256.3
2015-08-20,1249.9
2015-08-21,1228.35
2015-08-24,1167.75
2015-08-25,1145.55
2015-08-26,1102.35
2015-08-27,1193.9
2015-08-28,1201.9
2015-08-31,1186.15
2015-09-01,1157.4
2015-09-02,1123.15
2015-09-03,1172.05
2015-09-04,1141.6
2015-09-07,1155.05
2015-09-08,1171.05
2015-09-09,1186.65
2015-09-10,1162.75
2015-09-11,1176.35
2015-09-14,1184.7
2015-09-15,1179.85
2015-09-16,1196.35
2015-09-18,1207.05
2015-09-21,1207.3
2015-09-22,1168.6
2015-09-23,1165.95
2015-09-24,1181.85
2015-09-28,1172.15
2015-09-29,1216.8
2015-09-30,1212.75
2015-10-01,1196.6
2015-10-05,1256.95
2015-10-06,1265.2
2015-10-07,1277.45
2015-10-08,1278.1
2015-10-09,1291.7
2015-10-12,1270.25
2015-10-13,1278.7
2015-10-14,1294.15
2015-10-15,1294.7
2015-10-16,1311.6
2015-10-19,1315.35
2015-10-20,1312.5
2015-10-21,1315.75
2015-10-23,1337.9
2015-10-26,1312.7
2015-10-27,1275.1
2015-10-28,1266.6
2015-10-29,1264.65
2015-10-30,1256.85
2015-11-02,1221.05
2015-11-03,1221.4
2015-11-04,1220.15
2015-11-05,1205.85
2015-11-06,1205.4
2015-11-09,1190.75
2015-11-10,1171.35
2015-11-11,1177.4
2015-11-13,1178.75
2015-11-16,1178.4
2015-11-17,1200.75
2015-11-18,1178.7
2015-11-19,1214.2
2015-11-20,1205.75
2015-11-23,1191.15
2015-11-24,1218.95
2015-11-26,1222.65
2015-11-27,1230.6
2015-11-30,1211.2
2015-12-01,1224.7
2015-12-02,1211.75
2015-12-03,1200.2
2015-12-04,1171.6
2015-12-07,1184.6
2015-12-08,1171.55
2015-12-09,1153.25
2015-12-10,1182.3
2015-12-11,1174.75
2015-12-14,1188.05
2015-12-15,1206.55
2015-12-16,1219.3
2015-12-17,1240.95
2015-12-18,1224.85
2015-12-21,1232.35
2015-12-22,1228.25
2015-12-23,1239.2
2015-12-24,1229.55
2015-12-28,1227.65
2015-12-29,1234.3
2015-12-30,1233.7
2015-12-31,1263.75
2016-01-01,1258.45
2016-01-04,1216.7
2016-01-05,1209.4
2016-01-06,1209.3
2016-01-07,1179.45
2016-01-08,1174.4
2016-01-11,1161.55
2016-01-12,1151.85
2016-01-13,1167.65
2016-01-14,1159.3
2016-01-15,1149.8
2016-01-18,1131.8
2016-01-19,1153.0
2016-01-20,1136.65
2016-01-21,1131.1
2016-01-22,1158.45
2016-01-25,1174.6
2016-01-27,1169.95
2016-01-28,1147.75
2016-01-29,1180.0
2016-02-01,1180.05
2016-02-02,1179.8
2016-02-03,1160.95
2016-02-04,1168.35
2016-02-05,1182.95
2016-02-08,1164.1
2016-02-09,1159.9
2016-02-10,1116.55
2016-02-11,1066.65
2016-02-12,1083.75
2016-02-15,1080.45
2016-02-16,1077.15
2016-02-17,1076.3
2016-02-18,1069.1
2016-02-19,1060.85
2016-02-22,1058.4
2016-02-23,1051.1
2016-02-24,1022.1
2016-02-25,1042.65
2016-02-26,1053.7
2016-02-29,1060.3
2016-03-01,1069.45
2016-03-02,1099.55
2016-03-03,1124.15
2016-03-04,1129.0
2016-03-08,1146.45
2016-03-09,1128.65
2016-03-10,1153.15
2016-03-11,1160.5
2016-03-14,1158.7
2016-03-15,1111.35
2016-03-16,1125.95
2016-03-17,1108.05
2016-03-18,1129.3
2016-03-21,1151.25
2016-03-22,1168.1
2016-03-23,1162.75
2016-03-28,1143.35
2016-03-29,1125.75
2016-03-30,1115.3
2016-03-31,1105.6
2016-04-01,1113.4
2016-04-04,1103.7
2016-04-05,1103.45
2016-04-06,1102.05
2016-04-07,1070.85
2016-04-08,1079.55
2016-04-11,1079.8
2016-04-12,1090.5
2016-04-13,1114.95
2016-04-18,1132.4
2016-04-20,1140.0
2016-04-21,1150.1
2016-04-22,1131.9
2016-04-25,1112.0
2016-04-26,1127.3
2016-04-27,1121.5
2016-04-28,1085.55
2016-04-29,1088.45
2016-05-02,1091.9
2016-05-03,1099.6
2016-05-04,1129.9
2016-05-05,1162.65
2016-05-06,1167.8
2016-05-09,1203.6
2016-05-10,1218.55
2016-05-11,1203.8
2016-05-12,1195.85
2016-05-13,1166.0
2016-05-16,1186.45
2016-05-17,1217.85
2016-05-18,1208.2
2016-05-19,1175.85
2016-05-20,1179.55
2016-05-23,1160.25
2016-05-24,1172.75
2016-05-25,1207.05
2016-05-26,1228.25
2016-05-27,1255.55
2016-05-30,1233.95
2016-05-31,1237.7
2016-06-01,1243.25
2016-06-02,1260.55
2016-06-03,1254.9
2016-06-06,1251.65
2016-06-07,1251.3
2016-06-08,1262.5
2016-06-09,1237.5
2016-06-10,1230.4
2016-06-13,1205.35
2016-06-14,1198.2
2016-06-15,1205.15
2016-06-16,1200.95
2016-06-17,1227.3
2016-06-20,1227.55
2016-06-21,1238.15
2016-06-22,1238.35
2016-06-23,1245.5
2016-06-24,1222.75
2016-06-27,1214.6
2016-06-28,1228.9
2016-06-29,1248.55
2016-06-30,1253.6
2016-07-01,1242.35
2016-07-04,1256.25
2016-07-05,1260.7
2016-07-07,1290.55
2016-07-08,1286.9
2016-07-11,1314.1
2016-07-12,1333.75
2016-07-13,1330.45
2016-07-14,1336.95
2016-07-15,1364.1
2016-07-18,1346.35
2016-07-19,1338.55
2016-07-20,1334.45
2016-07-21,1332.9
2016-07-22,1357.0
2016-07-25,1382.0
2016-07-26,1367.45
2016-07-27,1387.7
2016-07-28,1402.15
2016-07-29,1374.5
2016-08-01,1374.3
2016-08-02,1342.15
2016-08-03,1325.45
2016-08-04,1320.15
2016-08-05,1342.1
2016-08-08,1367.45
2016-08-09,1343.0
2016-08-10,1337.15
2016-08-11,1348.45
2016-08-12,1382.15
2016-08-16,1358.55
2016-08-17,1366.9
2016-08-18,1374.3
2016-08-19,1369.4
2016-08-22,1377.55
2016-08-23,1375.15
2016-08-24,1382.85
2016-08-25,1357.5
2016-08-26,1366.35
2016-08-29,1375.5
2016-08-30,1392.1
2016-08-31,1405.45
2016-09-01,1424.75
2016-09-02,1439.15
2016-09-06,1458.05
2016-09-07,1427.15
2016-09-08,1437.8
2016-09-09,1410.65
2016-09-12,1399.05
2016-09-14,1392.2
2016-09-15,1410.05
2016-09-16,1397.35
2016-09-19,1392.8
2016-09-20,1393.1
2016-09-21,1392.35
2016-09-22,1413.25
2016-09-23,1425.1
2016-09-26,1412.45
2016-09-27,1418.9
2016-09-28,1423.55
2016-09-29,1401.4
2016-09-30,1393.45
2016-10-03,1425.5
2016-10-04,1432.4
2016-10-05,1423.15
2016-10-06,1426.0
2016-10-07,1403.7
2016-10-10,1391.45
2016-10-13,1338.9
2016-10-14,1316.05
2016-10-17,1301.95
2016-10-18,1355.25
2016-10-19,1342.15
2016-10-20,1359.95
2016-10-21,1336.55
2016-10-24,1344.0
2016-10-25,1340.1
2016-10-26,1334.65
2016-10-27,1378.55
2016-10-28,1391.7
2016-10-30,1377.5
2016-11-01,1417.2
2016-11-02,1404.35
2016-11-03,1401.6
2016-11-04,1386.15
2016-11-07,1381.4
2016-11-08,1391.35
2016-11-09,1350.8
2016-11-10,1324.55
2016-11-11,1268.35
2016-11-15,1225.75
2016-11-16,1255.4
2016-11-17,1250.2
2016-11-18,1249.8
2016-11-21,1221.95
2016-11-22,1249.7
2016-11-23,1226.9
2016-11-24,1217.65
2016-11-25,1244.05
2016-11-28,1246.7
2016-11-29,1255.8
2016-11-30,1263.1
2016-12-01,1270.0
2016-12-02,1236.8
2016-12-05,1215.55
2016-12-06,1243.4
2016-12-07,1264.95
2016-12-08,1289.85
2016-12-09,1268.25
2016-12-12,1264.5
2016-12-13,1278.55
2016-12-14,1266.55
2016-12-15,1259.2
2016-12-16,1269.15
2016-12-19,1247.9
2016-12-20,1235.55
2016-12-21,1235.6
2016-12-22,1217.4
2016-12-23,1224.85
2016-12-26,1219.5
2016-12-27,1232.15
2016-12-28,1237.95
2016-12-29,1257.2
2016-12-30,1262.6
2017-01-02,1217.1
2017-01-03,1214.0
2017-01-04,1212.1
2017-01-05,1217.2
2017-01-06,1222.35
2017-01-09,1223.55
2017-01-10,1217.25
2017-01-11,1230.05
2017-01-12,1221.1
2017-01-13,1247.5
2017-01-16,1256.9
2017-01-17,1245.8
2017-01-18,1249.05
2017-01-19,1242.4
2017-01-20,1237.3
2017-01-23,1259.75
2017-01-24,1280.75
2017-01-25,1337.4
2017-01-27,1373.7
2017-01-30,1371.9
2017-01-31,1365.85
2017-02-01,1412.1
2017-02-02,1401.3
2017-02-03,1397.45
2017-02-06,1400.3
2017-02-07,1407.25
2017-02-08,1401.1
2017-02-09,1396.9
2017-02-10,1388.55
2017-02-13,1392.05
2017-02-14,1398.15
2017-02-15,1399.15
2017-02-16,1393.55
2017-02-17,1402.5
2017-02-20,1393.3
2017-02-21,1412.45
2017-02-22,1394.1
2017-02-23,1385.7
2017-02-27,1375.7
2017-02-28,1370.05
2017-03-01,1400.55
2017-03-02,1399.0
2017-03-03,1371.2
2017-03-06,1365.95
2017-03-07,1365.4
2017-03-08,1367.7
2017-03-09,1371.5
2017-03-10,1373.8
2017-03-14,1424.15
2017-03-15,1426.1
2017-03-16,1450.25
2017-03-17,1451.2
2017-03-20,1457.75
2017-03-21,1458.4
2017-03-22,1442.3
2017-03-23,1456.65
2017-03-24,1462.6
2017-03-27,1474.7
2017-03-28,1504.1
2017-03-29,1522.05
2017-03-30,1519.95
2017-03-31,1502.1
2017-04-03,1533.65
2017-04-05,1490.15
2017-04-06,1482.6
2017-04-07,1484.75
2017-04-10,1467.5
2017-04-11,1476.85
2017-04-12,1466.65
2017-04-13,1474.9
2017-04-17,1479.55
2017-04-18,1480.05
2017-04-19,1490.2
2017-04-20,1517.1
2017-04-21,1507.45
2017-04-24,1530.7
2017-04-25,1548.4
2017-04-26,1586.0
2017-04-27,1566.5
2017-04-28,1537.15
2017-05-02,1584.75
2017-05-03,1571.3
2017-05-04,1564.35
2017-05-05,1546.85
2017-05-08,1529.5
2017-05-09,1523.5
2017-05-10,1572.0
2017-05-11,1565.3
2017-05-12,1549.8
2017-05-15,1559.5
2017-05-16,1566.55
2017-05-17,1552.5
2017-05-18,1537.05
2017-05-19,1520.6
2017-05-22,1519.85
2017-05-23,1511.5
2017-05-24,1524.85
2017-05-25,1539.75
2017-05-26,1547.9
2017-05-29,1598.85
2017-05-30,1579.5
2017-05-31,1569.85
2017-06-01,1583.75
2017-06-02,1604.65
2017-06-05,1606.15
2017-06-06,1605.75
2017-06-07,1599.35
2017-06-08,1633.55
2017-06-09,1647.2
2017-06-12,1647.5
2017-06-13,1667.65
2017-06-14,1651.1
2017-06-15,1636.85
2017-06-16,1640.85
2017-06-19,1654.2
2017-06-20,1631.5
2017-06-21,1628.25
2017-06-22,1653.8
2017-06-23,1651.35
2017-06-27,1651.05
2017-06-28,1629.0
2017-06-29,1632.2
2017-06-30,1614.95
2017-07-03,1621.65
2017-07-04,1640.65
2017-07-05,1629.1
2017-07-06,1647.9
2017-07-07,1629.15
2017-07-10,1638.85
2017-07-11,1642.75
2017-07-12,1639.95
2017-07-13,1656.9
2017-07-14,1647.7
2017-07-17,1652.35
2017-07-18,1653.0
2017-07-19,1654.85
2017-07-20,1651.0
2017-07-21,1640.95
2017-07-24,1632.25
2017-07-25,1632.05
2017-07-26,1633.45
2017-07-27,1728.2
2017-07-28,1785.35
2017-07-31,1789.25
2017-08-01,1779.1
2017-08-02,1766.4
2017-08-03,1736.75
2017-08-04,1731.35
2017-08-07,1725.4
2017-08-08,1719.9
2017-08-09,1731.65
2017-08-10,1709.8
2017-08-11,1695.35
2017-08-14,1713.95
2017-08-16,1741.75
2017-08-17,1759.25
2017-08-18,1735.05
2017-08-21,1738.15
2017-08-22,1750.4
2017-08-23,1765.25
2017-08-24,1757.35
2017-08-28,1766.45
2017-08-29,1727.8
2017-08-30,1759.05
2017-08-31,1776.9
2017-09-01,1759.55
2017-09-04,1755.4
2017-09-05,1767.3
2017-09-06,1775.0
2017-09-07,1781.7
2017-09-08,1779.15
2017-09-11,1781.7
2017-09-12,1798.1
2017-09-13,1778.1
2017-09-14,1771.8
2017-09-15,1768.95
2017-09-18,1771.75
2017-09-19,1752.6
2017-09-20,1767.15
2017-09-21,1788.6
2017-09-22,1780.95
2017-09-25,1755.05
2017-09-26,1741.25
2017-09-27,1719.35
2017-09-28,1744.35
2017-09-29,1742.15
2017-10-03,1761.6
2017-10-04,1768.1
2017-10-05,1751.7
2017-10-06,1740.0
2017-10-09,1749.7
2017-10-10,1744.75
2017-10-11,1750.75
2017-10-12,1755.55
2017-10-13,1766.45
2017-10-16,1762.9
2017-10-17,1759.75
2017-10-18,1751.55
2017-10-19,1745.75
2017-10-23,1722.4
2017-10-24,1722.3
2017-10-25,1677.65
2017-10-26,1692.35
2017-10-27,1699.05
2017-10-30,1705.8
2017-10-31,1707.4
2017-11-01,1754.3
2017-11-02,1762.25
2017-11-03,1776.3
2017-11-06,1790.2
2017-11-07,1764.65
2017-11-08,1747.45
2017-11-09,1725.85
2017-11-10,1709.5
2017-11-13,1670.3
2017-11-14,1661.4
2017-11-15,1650.9
2017-11-16,1664.4
2017-11-17,1705.5
2017-11-20,1689.2
2017-11-21,1694.5
2017-11-22,1718.15
2017-11-23,1704.6
2017-11-24,1711.05
2017-11-27,1711.0
2017-11-28,1725.5
2017-11-29,1704.15
2017-11-30,1675.7
2017-12-01,1658.8
2017-12-04,1680.4
2017-12-05,1679.5
2017-12-06,1648.4
2017-12-07,1655.55
2017-12-08,1682.95
2017-12-11,1709.95
2017-12-12,1710.8
2017-12-13,1696.7
2017-12-14,1704.5
2017-12-15,1723.0
2017-12-18,1719.95
2017-12-19,1709.15
2017-12-20,1693.7
2017-12-21,1701.9
2017-12-22,1709.35
2017-12-26,1713.2
2017-12-27,1707.9
2017-12-28,1696.15
2017-12-29,1710.4
2018-01-01,1683.75
2018-01-02,1703.25
2018-01-03,1700.8
2018-01-04,1703.2
2018-01-05,1725.2
2018-01-08,1740.95
2018-01-09,1735.05
2018-01-10,1726.45
2018-01-11,1741.35
2018-01-12,1760.95
2018-01-15,1871.2
2018-01-16,1845.95
2018-01-17,1858.35
2018-01-18,1896.8
2018-01-19,1901.25
2018-01-22,1872.0
2018-01-23,1884.65
2018-01-24,1911.2
2018-01-25,1908.3
2018-01-29,1967.6
2018-01-30,1937.5
2018-01-31,1956.3
2018-02-01,1967.55
2018-02-02,1903.85
2018-02-05,1823.35
2018-02-06,1788.6
2018-02-07,1785.35
2018-02-08,1811.8
2018-02-09,1773.05
2018-02-12,1805.45
2018-02-14,1814.0
2018-02-15,1829.5
2018-02-16,1815.5
2018-02-19,1814.05
2018-02-20,1811.75
2018-02-21,1824.8
2018-02-22,1819.25
2018-02-23,1824.2
2018-02-26,1843.25
2018-02-27,1828.65
2018-02-28,1808.7
2018-03-01,1814.15
2018-03-05,1789.6
2018-03-06,1782.8
2018-03-07,1761.75
2018-03-08,1798.75
2018-03-09,1818.6
2018-03-12,1858.05
2018-03-13,1868.5
2018-03-14,1844.7
2018-03-15,1830.0
2018-03-16,1791.4
2018-03-19,1774.5
2018-03-20,1800.05
2018-03-21,1817.85
2018-03-22,1809.55
2018-03-23,1789.6
2018-03-26,1830.15
2018-03-27,1823.15
2018-03-28,1825.6
2018-04-02,1838.05
2018-04-03,1825.7
2018-04-04,1803.3
2018-04-05,1824.45
2018-04-06,1829.0
2018-04-09,1836.7
2018-04-10,1817.5
2018-04-11,1812.4
2018-04-12,1829.05
2018-04-13,1840.6
2018-04-16,1870.45
2018-04-17,1889.7
2018-04-18,1877.7
2018-04-19,1858.65
2018-04-20,1834.15
2018-04-23,1830.85
2018-04-24,1859.55
2018-04-25,1849.5
2018-04-26,1850.45
2018-04-27,1853.75
2018-04-30,1883.25
2018-05-02,1910.6
2018-05-03,1922.7
2018-05-04,1910.35
2018-05-07,1918.7
2018-05-08,1903.35
2018-05-09,1897.65
2018-05-10,1894.3
2018-05-11,1919.8
2018-05-14,1930.6
2018-05-15,1929.55
2018-05-16,1914.55
2018-05-17,1875.1
2018-05-18,1853.0
2018-05-21,1819.2
2018-05-22,1810.0
2018-05-23,1783.65
2018-05-24,1806.1
2018-05-25,1819.75
2018-05-28,1829.55
2018-05-29,1809.75
2018-05-30,1790.8
2018-05-31,1833.0
2018-06-01,1844.25
2018-06-04,1833.15
2018-06-05,1848.4
2018-06-06,1858.45
2018-06-07,1869.0
2018-06-08,1840.45
2018-06-11,1839.45
2018-06-12,1847.7
2018-06-13,1832.3
2018-06-14,1833.75
2018-06-15,1832.25
2018-06-18,1823.55
2018-06-19,1828.0
2018-06-20,1847.0
2018-06-21,1858.9
2018-06-22,1906.75
2018-06-25,1893.8
2018-06-26,1915.85
2018-06-27,1904.85
2018-06-28,1878.0
2018-06-29,1908.1
2018-07-02,1897.1
2018-07-03,1879.7
2018-07-04,1922.5
2018-07-05,1931.05
2018-07-06,1916.85
2018-07-09,1904.9
2018-07-10,1942.55
2018-07-11,1928.1
2018-07-12,1962.7
2018-07-13,1972.5
2018-07-16,1991.2
2018-07-17,1989.3
2018-07-18,2009.45
2018-07-19,1988.4
2018-07-20,1973.85
2018-07-23,1966.85
2018-07-24,1975.55
2018-07-25,2000.85
2018-07-26,2023.4
2018-07-27,2047.25
2018-07-30,2028.75
2018-07-31,1994.85
2018-08-01,1970.15
2018-08-02,1931.95
2018-08-03,1977.5
2018-08-06,1979.3
2018-08-07,1978.6
2018-08-08,1984.6
2018-08-09,1969.95
2018-08-10,1974.3
2018-08-13,1947.0
2018-08-14,1941.5
2018-08-16,1891.2
2018-08-17,1885.65
2018-08-20,1920.05
2018-08-21,1913.35
2018-08-23,1906.3
2018-08-24,1919.05
2018-08-27,1924.85
2018-08-28,1955.15
2018-08-29,1956.25
2018-08-30,1934.15
2018-08-31,1935.95
2018-09-03,1944.8
2018-09-04,1954.8
2018-09-05,1937.4
2018-09-06,1956.15
2018-09-07,1920.0
2018-09-10,1883.55
2018-09-11,1868.05
2018-09-12,1877.8
2018-09-14,1925.45
2018-09-17,1878.85
2018-09-18,1855.7
2018-09-19,1830.65
2018-09-21,1839.4
2018-09-24,1718.7
2018-09-25,1773.35
2018-09-26,1767.45
2018-09-27,1729.0
2018-09-28,1754.5
2018-10-01,1806.35
2018-10-03,1797.55
2018-10-04,1778.45
2018-10-05,1708.65
2018-10-08,1667.7
2018-10-09,1712.75
2018-10-10,1736.95
2018-10-11,1684.55
2018-10-12,1730.3
2018-10-15,1732.9
2018-10-16,1756.25
2018-10-17,1737.8
2018-10-19,1660.25
2018-10-22,1658.3
2018-10-23,1686.75
2018-10-24,1741.45
2018-10-25,1694.45
2018-10-26,1702.1
2018-10-29,1698.4
2018-10-30,1671.9
2018-10-31,1769.25
2018-11-01,1762.0
2018-11-02,1824.4
2018-11-05,1792.9
2018-11-06,1805.9
2018-11-07,1815.85
2018-11-09,1816.1
2018-11-12,1795.9
2018-11-13,1824.7
2018-11-14,1839.15
2018-11-15,1853.6
2018-11-16,1889.0
2018-11-19,1899.35
2018-11-20,1876.8
2018-11-21,1868.15
2018-11-22,1873.7
2018-11-26,1884.65
2018-11-27,1901.7
2018-11-28,1928.0
2018-11-29,1956.3
2018-11-30,1989.0
2018-12-03,1980.75
2018-12-04,1939.45
2018-12-05,1973.3
2018-12-06,1945.8
2018-12-07,1951.35
2018-12-10,1906.5
2018-12-11,1905.25
2018-12-12,1940.2
2018-12-13,1942.05
2018-12-14,1904.1
2018-12-17,1960.35
2018-12-18,1952.0
2018-12-19,1981.7
2018-12-20,1974.7
2018-12-21,1948.6
2018-12-24,1902.15
2018-12-26,1933.35
2018-12-27,1948.85
2018-12-28,1979.95
2018-12-31,1968.35
2019-01-01,2009.0
2019-01-02,1980.65
2019-01-03,1936.85
2019-01-04,1972.6
2019-01-07,1972.9
2019-01-08,1958.95
2019-01-09,1994.95
2019-01-10,1980.1
2019-01-11,1991.4
2019-01-14,1969.2
2019-01-15,1992.15
2019-01-16,1975.0
2019-01-17,2004.55
2019-01-18,2006.85
2019-01-21,2004.45
2019-01-22,1979.4
2019-01-23,1958.25
2019-01-24,1971.1
2019-01-25,1977.8
2019-01-28,1946.9
2019-01-29,1922.3
2019-01-30,1885.8
2019-01-31,1922.35
2019-02-01,1961.25
2019-02-04,1978.5
2019-02-05,1981.4
2019-02-06,1987.95
2019-02-07,1969.65
2019-02-08,1944.65
2019-02-11,1948.2
2019-02-12,1905.05
2019-02-13,1930.5
2019-02-14,1900.7
2019-02-15,1874.9
2019-02-18,1874.85
2019-02-19,1853.45
2019-02-20,1870.5
2019-02-21,1891.45
2019-02-22,1887.4
2019-02-25,1894.5
2019-02-26,1853.65
2019-02-27,1841.0
2019-02-28,1841.2
2019-03-01,1859.45
2019-03-05,1860.0
2019-03-06,1885.2
2019-03-07,1880.2
2019-03-08,1884.05
2019-03-11,1897.55
2019-03-12,1930.0
2019-03-13,1950.65
2019-03-14,1956.95
2019-03-15,1974.65
2019-03-18,1962.4
2019-03-19,1967.85
2019-03-20,1987.55
2019-03-22,1981.55
2019-03-25,1945.65
2019-03-26,1946.3
2019-03-27,1919.9
2019-03-28,1944.45
2019-03-29,1968.25
2019-04-01,1959.65
2019-04-02,1995.95
2019-04-03,2013.1
2019-04-04,2042.05
2019-04-05,2059.2
2019-04-08,2054.9
2019-04-09,2069.15
2019-04-10,2029.25
2019-04-11,2022.8
2019-04-12,2024.95
2019-04-15,2014.25
2019-04-16,2026.7
2019-04-18,2003.75
2019-04-22,1953.9
2019-04-23,1934.7
2019-04-24,1980.4
2019-04-25,1955.15
2019-04-26,1977.4
2019-04-30,1995.05
2019-05-02,2017.4
2019-05-03,2006.4
2019-05-06,1965.45
2019-05-07,1966.3
2019-05-08,1930.75
2019-05-09,1914.6
2019-05-10,1931.7
2019-05-13,1952.9
2019-05-14,1965.2
2019-05-15,1944.95
2019-05-16,1942.1
2019-05-17,1993.65
2019-05-20,2122.5
2019-05-21,2114.5
2019-05-22,2138.8
2019-05-23,2114.4
2019-05-24,2123.4
2019-05-27,2165.3
2019-05-28,2147.85
2019-05-29,2147.45
2019-05-30,2184.4
2019-05-31,2182.65
2019-06-03,2230.45
2019-06-04,2223.95
2019-06-06,2183.45
2019-06-07,2210.85
2019-06-10,2194.05
2019-06-11,2189.85
2019-06-12,2181.95
2019-06-13,2197.5
2019-06-14,2185.85
2019-06-17,2173.0
2019-06-18,2153.0
2019-06-19,2175.4
2019-06-20,2199.25
2019-06-21,2140.8
2019-06-24,2148.9
2019-06-25,2172.8
2019-06-26,2168.1
2019-06-27,2195.45
2019-06-28,2192.1
2019-07-01,2245.9
2019-07-02,2281.25
2019-07-03,2277.2
2019-07-04,2280.25
2019-07-05,2278.9
2019-07-08,2259.95
2019-07-09,2232.8
2019-07-10,2227.75
2019-07-11,2261.9
2019-07-12,2257.8
2019-07-15,2265.35
2019-07-16,2277.55
2019-07-17,2286.7
2019-07-18,2345.15
2019-07-19,2303.55
2019-07-22,2186.9
2019-07-23,2138.5
2019-07-24,2184.25
2019-07-25,2195.35
2019-07-26,2165.75
2019-07-29,2149.0
2019-07-30,2127.25
2019-07-31,2121.8
2019-08-01,2086.8
2019-08-02,2124.8
2019-08-05,2152.35
2019-08-06,2189.9
2019-08-07,2175.2
2019-08-08,2182.3
2019-08-09,2211.65
2019-08-13,2100.1
2019-08-14,2117.7
2019-08-16,2100.0
2019-08-19,2114.05
2019-08-20,2090.1
2019-08-21,2066.9
2019-08-22,2014.1
2019-08-23,2043.75
2019-08-26,2148.35
2019-08-27,2174.3
2019-08-28,2187.15
2019-08-29,2128.45
2019-08-30,2166.45
2019-09-03,2089.9
2019-09-04,2100.1
2019-09-05,2044.15
2019-09-06,2041.45
2019-09-09,2064.25
2019-09-11,2071.85
2019-09-12,2082.75
2019-09-13,2083.85
2019-09-16,2046.75
2019-09-17,1996.25
2019-09-18,1988.3
2019-09-19,1974.6
2019-09-20,2049.3
2019-09-23,2162.0
2019-09-24,2130.0
2019-09-25,2069.95
2019-09-26,2063.2
2019-09-27,2035.9
2019-09-30,1977.05
2019-10-01,1995.65
2019-10-03,1974.55
2019-10-04,1978.3
2019-10-07,1969.3
2019-10-09,2002.0
2019-10-10,1987.95
2019-10-11,2010.15
2019-10-14,2014.75
2019-10-15,2013.3
2019-10-16,2048.7
2019-10-17,2089.75
2019-10-18,2094.45
2019-10-22,2114.9
2019-10-23,2142.95
2019-10-24,2144.95
2019-10-25,2101.55
2019-10-27,2105.35
2019-10-29,2113.05
2019-10-30,2107.45
2019-10-31,2131.9
2019-11-01,2128.6
2019-11-04,2181.3
2019-11-05,2181.3
2019-11-06,2220.6
2019-11-07,2251.0
2019-11-08,2233.2
2019-11-11,2234.55
2019-11-13,2207.45
2019-11-14,2226.8
2019-11-15,2224.05
2019-11-18,2236.3
2019-11-19,2212.1
2019-11-20,2200.95
2019-11-21,2210.35
2019-11-22,2237.3
2019-11-25,2294.55
2019-11-26,2304.65
2019-11-27,2336.3
2019-11-28,2309.75
2019-11-29,2297.25
2019-12-02,2306.6
2019-12-03,2319.7
2019-12-04,2322.4
2019-12-05,2327.55
2019-12-06,2264.65
2019-12-09,2311.4
2019-12-10,2295.15
2019-12-11,2321.65
2019-12-12,2318.45
2019-12-13,2354.5
2019-12-16,2375.25
2019-12-17,2430.1
2019-12-18,2445.15
2019-12-19,2411.9
2019-12-20,2404.1
2019-12-23,2422.65
2019-12-24,2412.75
2019-12-26,2414.1
2019-12-27,2444.15
2019-12-30,2438.25
2019-12-31,2412.55
2020-01-01,2433.95
2020-01-02,2466.4
2020-01-03,2454.45
2020-01-06,2384.1
2020-01-07,2415.05
2020-01-08,2406.15
2020-01-09,2457.4
2020-01-10,2457.55
2020-01-13,2462.55
2020-01-14,2492.3
2020-01-15,2488.6
2020-01-16,2482.1
2020-01-17,2453.95
2020-01-20,2454.35
2020-01-21,2465.45
2020-01-22,2416.6
2020-01-23,2428.4
2020-01-24,2450.75
2020-01-27,2395.8
2020-01-28,2431.6
2020-01-29,2404.25
2020-01-30,2415.0
2020-01-31,2414.0
2020-02-01,2268.25
2020-02-03,2259.75
2020-02-04,2345.95
2020-02-05,2391.65
2020-02-06,2436.45
2020-02-07,2405.65
2020-02-10,2414.3
2020-02-11,2435.15
2020-02-12,2437.6
2020-02-13,2403.65
2020-02-14,2401.75
2020-02-17,2350.25
2020-02-18,2318.8
2020-02-19,2377.25
2020-02-20,2369.5
2020-02-24,2292.3
2020-02-25,2302.6
2020-02-26,2281.45
2020-02-27,2272.2
2020-02-28,2175.75
2020-03-02,2179.65
2020-03-03,2191.4
2020-03-04,2206.05
2020-03-05,2195.05
2020-03-06,2109.45
2020-03-09,2027.9
2020-03-11,2036.25
2020-03-12,1875.7
2020-03-13,2066.8
2020-03-16,1841.75
2020-03-17,1755.8
2020-03-18,1622.55
2020-03-19,1617.6
2020-03-20,1753.95
2020-03-23,1520.7
2020-03-24,1505.1
2020-03-25,1646.05
2020-03-26,1733.25
2020-03-27,1754.0
2020-03-30,1558.75
2020-03-31,1633.1
2020-04-01,1583.5
2020-04-03,1499.55
2020-04-07,1555.15
2020-04-08,1558.8
2020-04-09,1703.1
2020-04-13,1655.2
2020-04-15,1596.3
2020-04-16,1625.75
2020-04-17,1680.6
2020-04-20,1727.7
2020-04-21,1669.7
2020-04-22,1664.15
2020-04-23,1663.45
2020-04-24,1580.3
2020-04-27,1591.45
2020-04-28,1715.8
2020-04-29,1836.75
2020-04-30,1916.0
2020-05-04,1724.35
2020-05-05,1689.9
2020-05-06,1732.15
2020-05-07,1703.9
2020-05-08,1689.7
2020-05-11,1658.45
2020-05-12,1674.1
2020-05-13,1712.75
2020-05-14,1632.4
2020-05-15,1633.8
2020-05-18,1512.05
2020-05-19,1539.85
2020-05-20,1627.0
2020-05-21,1597.3
2020-05-22,1516.15
2020-05-26,1502.15
2020-05-27,1570.4
2020-05-28,1623.7
2020-05-29,1658.9
2020-06-01,1737.7
2020-06-02,1813.55
2020-06-03,1835.65
2020-06-04,1764.3
2020-06-05,1766.6
2020-06-08,1760.8
2020-06-09,1772.1
2020-06-10,1809.3
2020-06-11,1787.45
2020-06-12,1792.2
2020-06-15,1751.65
2020-06-16,1821.9
2020-06-17,1794.65
2020-06-18,1855.95
2020-06-19,1835.1
2020-06-22,1819.4
2020-06-23,1838.1
2020-06-24,1797.75
2020-06-25,1777.8
2020-06-26,1769.35
2020-06-29,1741.15
2020-06-30,1754.65
2020-07-01,1835.15
2020-07-02,1889.45
2020-07-03,1885.2
2020-07-06,1868.7
2020-07-07,1886.75
2020-07-08,1886.05
2020-07-09,1941.85
2020-07-10,1886.0
2020-07-13,1845.55
2020-07-14,1791.6
2020-07-15,1789.9
2020-07-16,1787.8
2020-07-17,1805.85
2020-07-20,1806.05
2020-07-21,1883.65
2020-07-22,1881.05
2020-07-23,1875.8
2020-07-24,1841.3
2020-07-27,1850.75
2020-07-28,1897.35
2020-07-29,1877.3
2020-07-30,1810.65
2020-07-31,1781.95
2020-08-03,1739.8
2020-08-04,1781.1
2020-08-05,1776.7
2020-08-06,1783.75
2020-08-07,1777.7
2020-08-10,1798.95
2020-08-11,1826.75
2020-08-12,1814.2
2020-08-13,1804.85
2020-08-14,1791.7
2020-08-17,1800.55
2020-08-18,1820.7
2020-08-19,1827.95
2020-08-20,1785.15
2020-08-21,1804.05
2020-08-24,1829.85
2020-08-25,1829.6
2020-08-26,1816.0
2020-08-27,1864.1
2020-08-28,1883.25
2020-08-31,1832.6
2020-09-01,1851.2
2020-09-02,1827.2
2020-09-03,1808.75
2020-09-04,1769.7
2020-09-07,1791.1
2020-09-08,1777.3
2020-09-09,1760.75
2020-09-10,1777.45
2020-09-11,1768.15
2020-09-14,1738.0
2020-09-15,1758.75
2020-09-16,1768.15
2020-09-17,1744.35
2020-09-18,1724.0
2020-09-21,1708.15
2020-09-22,1674.85
2020-09-23,1667.1
2020-09-24,1636.85
2020-09-25,1652.0
2020-09-28,1681.45
2020-09-29,1713.1
2020-09-30,1740.05
2020-10-01,1790.65
2020-10-05,1785.1
2020-10-06,1934.4
2020-10-07,1948.75
2020-10-08,1949.25
2020-10-09,1957.65
2020-10-12,1965.4
2020-10-13,1943.4
2020-10-14,1979.85
2020-10-15,1947.2
2020-10-16,1961.7
2020-10-19,2031.5
2020-10-20,2015.3
2020-10-21,2048.75
2020-10-22,2042.55
2020-10-23,2059.7
2020-10-26,2073.35
2020-10-27,2041.35
2020-10-28,1968.9
2020-10-29,1934.3
2020-10-30,1923.55
2020-11-02,2040.8
2020-11-03,2130.95
2020-11-04,2088.2
2020-11-05,2100.7
2020-11-06,2138.45
2020-11-09,2152.1
2020-11-10,2272.1
2020-11-11,2324.3
2020-11-12,2332.1
2020-11-13,2306.75
2020-11-14,2311.25
2020-11-17,2349.0
2020-11-18,2364.9
2020-11-19,2324.6
2020-11-20,2334.8
2020-11-23,2250.8
2020-11-24,2217.7
2020-11-25,2191.35
2020-11-26,2238.4
2020-11-27,2256.25
2020-12-01,2306.95
2020-12-02,2276.35
2020-12-03,2253.95
2020-12-04,2245.9
2020-12-07,2303.8
2020-12-08,2309.75
2020-12-09,2306.7
2020-12-10,2289.1
2020-12-11,2295.9
2020-12-14,2302.65
2020-12-15,2350.35
2020-12-16,2424.65
2020-12-17,2494.6
2020-12-18,2479.4
2020-12-21,2414.8
2020-12-22,2403.65
2020-12-23,2403.05
2020-12-24,2455.15
2020-12-28,2476.45
2020-12-29,2518.95
2020-12-30,2518.05
2020-12-31,2558.65
2021-01-01,2568.75
2021-01-04,2578.5
2021-01-05,2651.85
2021-01-06,2638.85
2021-01-07,2661.35
2021-01-08,2657.5
2021-01-11,2751.2
2021-01-12,2747.55
2021-01-13,2670.9
2021-01-14,2684.05
2021-01-15,2632.75
2021-01-18,2566.5
2021-01-19,2656.95
2021-01-20,2688.15
2021-01-21,2663.0
2021-01-22,2589.45
2021-01-25,2551.4
2021-01-27,2467.0
2021-01-28,2425.75
2021-01-29,2377.8
2021-02-01,2579.25
2021-02-02,2659.0
2021-02-03,2703.55
2021-02-04,2707.75
2021-02-05,2721.5
2021-02-08,2733.35
2021-02-09,2747.05
2021-02-10,2767.1
2021-02-11,2760.6
2021-02-12,2791.5
2021-02-15,2860.45
2021-02-16,2858.65
2021-02-17,2805.35
2021-02-18,2745.15
2021-02-19,2741.3
2021-02-22,2651.95
2021-02-23,2628.6
2021-02-24,2707.75
2021-02-25,2684.7
2021-02-26,2539.4
2021-03-01,2606.0
2021-03-02,2564.0
2021-03-03,2654.9
2021-03-04,2582.95
2021-03-05,2543.9
2021-03-08,2510.25
2021-03-09,2577.3
2021-03-10,2599.8
2021-03-12,2568.0
2021-03-15,2535.5
2021-03-16,2510.4
2021-03-17,2515.55
2021-03-18,2514.6
2021-03-19,2531.65
2021-03-22,2531.85
2021-03-23,2509.9
2021-03-24,2465.75
2021-03-25,2470.75
2021-03-26,2532.75
2021-03-30,2605.65
2021-03-31,2498.1
2021-04-01,2531.45
2021-04-05,2445.85
2021-04-06,2472.3
2021-04-07,2482.7
2021-04-08,2502.55
2021-04-09,2513.9
2021-04-12,2419.85
2021-04-13,2512.95
2021-04-15,2547.15
2021-04-16,2574.05
2021-04-19,2492.35
2021-04-20,2415.9
2021-04-22,2479.7
2021-04-23,2497.35
2021-04-26,2509.8
2021-04-27,2518.4
2021-04-28,2577.0
2021-04-29,2538.85
2021-04-30,2420.1
2021-05-01,2417.873734325636
2021-05-02,2420.8610488713352
2021-05-03,2423.6517496064725
2021-05-04,2425.7601933613
2021-05-05,2422.764654934606
2021-05-06,2431.1348309214222
2021-05-07,2433.971892193005
2021-05-08,2430.925531284237
2021-05-09,2423.830030817335
2021-05-10,2427.885511507612
2021-05-11,2433.933314061858
2021-05-12,2432.1449308043348
2021-05-13,2429.2556085075275
2021-05-14,2430.2797986928585
2021-05-15,2435.022178194536
2021-05-16,2431.545315798876
2021-05-17,2426.400525177566
2021-05-18,2427.2792095964983
2021-05-19,2432.22890453009
2021-05-20,2430.487910638704
2021-05-21,2427.877321968292
2021-05-22,2432.1120801864995
2021-05-23,2431.572302185893
2021-05-24,2427.0372753374013
2021-05-25,2423.9363737839344
2021-05-26,2423.836746260071
2021-05-27,2425.245698720973
2021-05-28,2426.569979462005
2021-05-29,2429.353945322213
2021-05-30,2430.444620160908
2021-05-31,2430.8657003728017
2021-06-01,2431.0024238777205
2021-06-02,2430.095172877673
2021-06-03,2429.7633618007926
2021-06-04,2429.9475033984386
2021-06-05,2430.0865308146945
2021-06-06,2429.76084701126
2021-06-07,2429.594442645573
2021-06-08,2430.0459550327373
2021-06-09,2430.0794244614094
2021-06-10,2429.6026826376105
2021-06-11,2429.4982637653497
2021-06-12,2429.889808741262
